"Sorting.code","Mesh.size","Leaf.condition","Genus","latitude","longitude","mean_kd","mean_mean_daily_temp","Citation"
1,"coarse","senesced","Eucalyptus",40.3061,-8.3936,0.0096,11.5,"Gama et al. 2007 International Review of Hydrobiology"
3,"fine","senesced","Eucalyptus",40.3061,-8.3936,0.00895,11.5,"Gama et al. 2007 International Review of Hydrobiology"
5,"coarse","senesced","Populus",51.2842,-114.3311,0.00908333333333333,2,"Garden and Davies 1988 Freshwater Biology"
21,"coarse","senesced","Alnus",40.1,-8.2372,0.0295,10.6,"Goncalves et al. 2006 JNABS"
22,"fine","senesced","Alnus",40.1,-8.2372,0.0166,10.6,"Goncalves et al. 2006 JNABS"
23,"coarse","senesced","Alnus",37.4667,-8.0169,0.0137,13.3,"Goncalves et al. 2006 JNABS"
24,"fine","senesced","Alnus",37.4667,-8.0169,0.0093,13.3,"Goncalves et al. 2006 JNABS"
25,"coarse","senesced","Alnus",-19.0194,-43.0083,0.0136,15.5,"Goncalves et al. 2006 JNABS"
26,"fine","senesced","Alnus",-19.0194,-43.0083,0.0143,15.5,"Goncalves et al. 2006 JNABS"
27,"coarse","senesced","Protium",40.1,-8.2372,0.0056,13.7,"Goncalves et al. 2007 Freshwater Biology"
28,"fine","senesced","Protium",40.1,-8.2372,0.00465,13.7,"Goncalves et al. 2007 Freshwater Biology"
31,"coarse","senesced","Protium",-19.0028,-43.0056,0.0021,15.5,"Goncalves et al. 2007 Freshwater Biology"
32,"fine","senesced","Protium",-19.0028,-43.0056,0.0016,15.5,"Goncalves et al. 2007 Freshwater Biology"
33,"coarse","senesced","Pinus",38.0333,-8.3728,0.0039,14.3,"Graca and Pereira 1995"
34,"fine","senesced","Pinus",38.0333,-8.3728,0.0026,14.3,"Graca and Pereira 1995"
35,"coarse","senesced","Alnus",40.0789,-8.2058,0.0461,10.7,"Gulis et al. 2006 Freshwater Biology"
36,"coarse","senesced","Alnus",40.5336,-8.1542,0.1124,11,"Gulis et al. 2006 Freshwater Biology"
37,"coarse","senesced","Alnus",40.0892,-8.2017,0.0393,10.6,"Gulis et al. 2006 Freshwater Biology"
38,"coarse","senesced","Alnus",40.5347,-8.1586,0.0447,10.8,"Gulis et al. 2006 Freshwater Biology"
39,"coarse","senesced","Alnus",40.5956,-8.1675,0.0692,9.5,"Gulis et al. 2006 Freshwater Biology"
40,"coarse","senesced","Alnus",40.57,-8.1511,0.0667,10.7,"Gulis et al. 2006 Freshwater Biology"
41,"coarse","senesced","Alnus",40.5331,-8.2314,0.0211,11.5,"Gulis et al. 2006 Freshwater Biology"
42,"coarse","senesced","Alnus",40.5678,-8.1508,0.0898,11,"Gulis et al. 2006 Freshwater Biology"
43,"coarse","senesced","Alnus",40.5247,-8.1856,0.0501,10.3,"Gulis et al. 2006 Freshwater Biology"
44,"coarse","senesced","Alnus",40.5411,-8.1217,0.1482,11,"Gulis et al. 2006 Freshwater Biology"
45,"coarse","senesced","Quercus",40.0789,-8.2058,0.0223,10.7,"Gulis et al. 2006 Freshwater Biology"
46,"coarse","senesced","Quercus",40.5336,-8.1542,0.0606,11,"Gulis et al. 2006 Freshwater Biology"
47,"coarse","senesced","Quercus",40.0892,-8.2017,0.0146,10.6,"Gulis et al. 2006 Freshwater Biology"
48,"coarse","senesced","Quercus",40.5347,-8.1586,0.0257,10.8,"Gulis et al. 2006 Freshwater Biology"
49,"coarse","senesced","Quercus",40.5956,-8.1675,0.0099,9.5,"Gulis et al. 2006 Freshwater Biology"
50,"coarse","senesced","Quercus",40.57,-8.1511,0.0195,10.7,"Gulis et al. 2006 Freshwater Biology"
51,"coarse","senesced","Quercus",40.5331,-8.2314,0.0077,11.5,"Gulis et al. 2006 Freshwater Biology"
52,"coarse","senesced","Quercus",40.5678,-8.1508,0.0366,11,"Gulis et al. 2006 Freshwater Biology"
53,"coarse","senesced","Quercus",40.5247,-8.1856,0.0163,10.3,"Gulis et al. 2006 Freshwater Biology"
54,"coarse","senesced","Quercus",40.5411,-8.1217,0.0516,11,"Gulis et al. 2006 Freshwater Biology"
55,"fine","senesced","Alnus",40.0789,-8.2058,0.0208,10.7,"Gulis et al. 2006 Freshwater Biology"
56,"fine","senesced","Alnus",40.5336,-8.1542,0.0252,11,"Gulis et al. 2006 Freshwater Biology"
57,"fine","senesced","Alnus",40.0892,-8.2017,0.0234,10.6,"Gulis et al. 2006 Freshwater Biology"
58,"fine","senesced","Alnus",40.5347,-8.1586,0.0194,10.8,"Gulis et al. 2006 Freshwater Biology"
59,"fine","senesced","Alnus",40.5956,-8.1675,0.013,9.5,"Gulis et al. 2006 Freshwater Biology"
60,"fine","senesced","Alnus",40.57,-8.1511,0.0203,10.7,"Gulis et al. 2006 Freshwater Biology"
61,"fine","senesced","Alnus",40.5331,-8.2314,0.0163,11.5,"Gulis et al. 2006 Freshwater Biology"
62,"fine","senesced","Alnus",40.5678,-8.1508,0.0267,11,"Gulis et al. 2006 Freshwater Biology"
63,"fine","senesced","Alnus",40.5247,-8.1856,0.0216,10.3,"Gulis et al. 2006 Freshwater Biology"
64,"fine","senesced","Alnus",40.5411,-8.1217,0.0314,11,"Gulis et al. 2006 Freshwater Biology"
65,"fine","senesced","Quercus",40.0789,-8.2058,0.0083,10.7,"Gulis et al. 2006 Freshwater Biology"
66,"fine","senesced","Quercus",40.5336,-8.1542,0.0108,11,"Gulis et al. 2006 Freshwater Biology"
67,"fine","senesced","Quercus",40.0892,-8.2017,0.0083,10.6,"Gulis et al. 2006 Freshwater Biology"
68,"fine","senesced","Quercus",40.5347,-8.1586,0.0092,10.8,"Gulis et al. 2006 Freshwater Biology"
69,"fine","senesced","Quercus",40.5956,-8.1675,0.0043,9.5,"Gulis et al. 2006 Freshwater Biology"
70,"fine","senesced","Quercus",40.57,-8.1511,0.0089,10.7,"Gulis et al. 2006 Freshwater Biology"
71,"fine","senesced","Quercus",40.5331,-8.2314,0.0068,11.5,"Gulis et al. 2006 Freshwater Biology"
72,"fine","senesced","Quercus",40.5678,-8.1508,0.0125,11,"Gulis et al. 2006 Freshwater Biology"
73,"fine","senesced","Quercus",40.5247,-8.1856,0.0086,10.3,"Gulis et al. 2006 Freshwater Biology"
74,"fine","senesced","Quercus",40.5411,-8.1217,0.0108,11,"Gulis et al. 2006 Freshwater Biology"
75,"coarse","senesced","Alnus",62,26,0.019,2.6,"Haapala et al. 2001 JNABS"
76,"coarse","senesced","Betula",62,26,0.011,2.6,"Haapala et al. 2001 JNABS"
77,"coarse","senesced","Salix",62,26,0.005,2.6,"Haapala et al. 2001 JNABS"
78,"coarse","green","Melicytus",-37.45,175.07,0.0507,14.5,"Hicks and Laboyrie 1999 NZ Journal of Marine and Freshwater Research"
79,"coarse","senesced","Betula",-37.45,175.07,0.0325,14.5,"Hicks and Laboyrie 1999 NZ Journal of Marine and Freshwater Research"
80,"coarse","senesced","Alnus",-37.45,175.07,0.0216,14.5,"Hicks and Laboyrie 1999 NZ Journal of Marine and Freshwater Research"
82,"coarse","senesced","Nothofagus",-37.45,175.07,0.0103,14.5,"Hicks and Laboyrie 1999 NZ Journal of Marine and Freshwater Research"
85,"coarse","senesced","Acer",41.7667,-73.0108,0.0284,7,"Hill and Perrotte 1995 Hydrobiologia"
121,"coarse","senesced","Liriodendron",33.2192,-86.0128,0.023,10.9,"Howe and Suberkropp 1994 Archiv fur Hydrobiologia"
122,"fine","senesced","Liriodendron",33.2192,-86.0128,0.007,10.9,"Howe and Suberkropp 1994 Archiv fur Hydrobiologia"
123,"coarse","senesced","Acer",35.1864,-83.0225,0.02465,9.1,"Hutchens and Wallace 2002 Ecosystems"
125,"coarse","senesced","Zea",40.6989,-87.0067,0.01955,5,"Griffiths et al. 2009 Ecological Applications"
127,"coarse","senesced","Zea",40.6094,-87.0086,0.01855,4.5,"Griffiths et al. 2009 Ecological Applications"
129,"coarse","senesced","Zea",40.6219,-87.0142,0.0159,5.3,"Griffiths et al. 2009 Ecological Applications"
131,"coarse","senesced","Alnus",40.0833,-8.2033,0.0217,11.3,"Abelho 2008 International Review of Hydrobiology"
132,"coarse","senesced","Castanea",40.0833,-8.2033,0.0199,11.3,"Abelho 2008 International Review of Hydrobiology"
133,"coarse","green","Quercus",40.0833,-8.2033,0.0209,11.3,"Abelho 2008 International Review of Hydrobiology"
134,"coarse","senesced","Alnus",40.3061,-8.3936,0.0413,12.5,"Abelho 2009a International Review of Hydrobiology_Leaf litter mixtures"
135,"coarse","senesced","Castanea",40.3061,-8.3936,0.0183,12.5,"Abelho 2009a International Review of Hydrobiology_Leaf litter mixtures"
136,"coarse","green","Quercus",40.3061,-8.3936,0.0138,12.5,"Abelho 2009a International Review of Hydrobiology_Leaf litter mixtures"
141,"coarse","senesced","Zea",42.0214,-85.4386,0.0128,0.8,"Griffiths et al. 2012 Freshwater Science "
143,"coarse","senesced","Leersia",42.0214,-85.4386,0.00495,0.8,"Griffiths et al. 2012 Freshwater Science "
145,"coarse","senesced","Phalaris",42.0214,-85.4386,0.00315,0.8,"Griffiths et al. 2012 Freshwater Science "
147,"coarse","senesced","Zea",42.1928,-84.8669,0.01015,0.8,"Griffiths et al. 2012 Freshwater Science "
149,"coarse","senesced","Leersia",42.1928,-84.8669,0.00415,0.8,"Griffiths et al. 2012 Freshwater Science "
151,"coarse","senesced","Phalaris",42.1928,-84.8669,0.0026,0.8,"Griffiths et al. 2012 Freshwater Science "
153,"coarse","senesced","Zea",40.3725,-84.6322,0.0169,1,"Griffiths et al. 2012 Freshwater Science "
155,"coarse","senesced","Leersia",40.3725,-84.6322,0.0055,1,"Griffiths et al. 2012 Freshwater Science "
157,"coarse","senesced","Phalaris",40.3725,-84.6322,0.00355,1,"Griffiths et al. 2012 Freshwater Science "
159,"coarse","senesced","Zea",41.3706,-86.0814,0.02415,3.3,"Griffiths et al. 2012 Freshwater Science "
161,"coarse","senesced","Leersia",41.3706,-86.0814,0.01155,3.3,"Griffiths et al. 2012 Freshwater Science "
163,"coarse","senesced","Phalaris",41.3706,-86.0814,0.0049,3.3,"Griffiths et al. 2012 Freshwater Science "
165,"coarse","senesced","Alnus",34.4,-111.0156,0.0149,12.6,"LeRoy and Marks 2006 Freshwater Biology"
166,"coarse","senesced","Alnus",35.0333,-111.0186,0.0199,7.9,"LeRoy and Marks 2006 Freshwater Biology"
167,"coarse","senesced","Alnus",34.6833,-111.0181,0.0173,8,"LeRoy and Marks 2006 Freshwater Biology"
168,"coarse","senesced","Fraxinus",34.4,-111.0156,0.0138,12.6,"LeRoy and Marks 2006 Freshwater Biology"
169,"coarse","senesced","Fraxinus",35.0333,-111.0186,0.0172,7.9,"LeRoy and Marks 2006 Freshwater Biology"
170,"coarse","senesced","Fraxinus",34.6833,-111.0181,0.0151,8,"LeRoy and Marks 2006 Freshwater Biology"
171,"coarse","senesced","Platanus",34.4,-111.0156,0.0069,12.6,"LeRoy and Marks 2006 Freshwater Biology"
172,"coarse","senesced","Platanus",35.0333,-111.0186,0.0121,7.9,"LeRoy and Marks 2006 Freshwater Biology"
173,"coarse","senesced","Platanus",34.6833,-111.0181,0.0081,8,"LeRoy and Marks 2006 Freshwater Biology"
174,"coarse","senesced","Populus",34.4,-111.0156,0.0176,12.6,"LeRoy and Marks 2006 Freshwater Biology"
175,"coarse","senesced","Populus",35.0333,-111.0186,0.0206,7.9,"LeRoy and Marks 2006 Freshwater Biology"
176,"coarse","senesced","Populus",34.6833,-111.0181,0.0186,8,"LeRoy and Marks 2006 Freshwater Biology"
177,"coarse","senesced","Quercus",34.4,-111.0156,0.0073,12.6,"LeRoy and Marks 2006 Freshwater Biology"
178,"coarse","senesced","Quercus",35.0333,-111.0186,0.0138,7.9,"LeRoy and Marks 2006 Freshwater Biology"
179,"coarse","senesced","Quercus",34.6833,-111.0181,0.0076,8,"LeRoy and Marks 2006 Freshwater Biology"
186,"coarse","senesced","Populus",34.8167,-111.0067,0.013975,7.1,"LeRoy et al. 2006 Ecology"
190,"coarse","senesced","Populus",41.1333,-111.0083,0.00905833333333333,2.4,"LeRoy et al. 2007 JNABS"
221,"coarse","green","Salix",-43.005,172.6333,0.01635,13,"Collier & Winterbourn 1986"
222,"fine","green","Salix",-43.005,172.6333,0.01155,13,"Collier & Winterbourn 1986"
225,"fine","senesced","Salix",50.9333,-115.15,0.00195,5.25,"Mutch & Davies 1984"
226,"coarse","senesced","Salix",50.9333,-115.15,0.01155,5.25,"Mutch & Davies 1984"
229,"fine","senesced","Quercus",35.1333,-85.0053,0.00281666666666667,13.7666666666667,"Stout & Coburn 1989"
230,"coarse","senesced","Quercus",35.1333,-85.0053,0.00361666666666667,13.7666666666667,"Stout & Coburn 1989"
257,"coarse","senesced","Cornus",35.0697,-83.0128,0.0234,10.5,"Webster & Waide 1982"
258,"coarse","senesced","Cornus",35.0669,-83.0128,0.021075,10.85,"Webster & Waide 1982"
259,"coarse","senesced","Cornus",35.0642,-83.0108,0.0185,10.1666666666667,"Webster & Waide 1982"
261,"coarse","senesced","Quercus",35.0697,-83.01,0.007,10.9666666666667,"Webster & Waide 1982"
262,"coarse","senesced","Quercus",35.0669,-83.0128,0.0069,10.7333333333333,"Webster & Waide 1982"
263,"coarse","senesced","Quercus",35.0642,-83.0108,0.00756666666666667,10.1666666666667,"Webster & Waide 1982"
265,"coarse","senesced","Rhododendron",35.0697,-83.01,0.00995,10.85,"Webster & Waide 1982"
266,"coarse","senesced","Rhododendron",35.0669,-83.0128,0.00605,10.85,"Webster & Waide 1982"
267,"coarse","senesced","Rhododendron",35.0642,-83.0108,0.00393333333333333,10.1666666666667,"Webster & Waide 1982"
272,"coarse","senesced","Cornus",35.0697,-83.01,0.0256,11.2,"Webster & Waide 1982"
284,"coarse","senesced","Platanus",37.2369,-80.0028,0.0057,7.8,"Benfield et al. 1977"
285,"coarse","senesced","Acer",35.2683,-83.01,0.0083,13.5,"Hagan et al. 2006"
286,"coarse","senesced","Acer",35.2053,-83.0025,0.018,NA,"Hagan et al. 2006"
287,"coarse","senesced","Acer",35.0869,-83.0142,0.0113,10.9,"Hagan et al. 2006"
288,"coarse","senesced","Acer",35.1169,-83.0072,0.0115,13.3,"Hagan et al. 2006"
289,"coarse","senesced","Acer",34.9828,-83.0125,0.014,12.3,"Hagan et al. 2006"
290,"coarse","senesced","Acer",35.0764,-83.0039,0.0121,11.6,"Hagan et al. 2006"
291,"coarse","senesced","Acer",35.0953,-83.0044,0.0053,13.6,"Hagan et al. 2006"
292,"coarse","senesced","Acer",35.0742,-83.0072,0.0138,12.3,"Hagan et al. 2006"
293,"coarse","senesced","Acer",35.0008,-83.01,0.0121,11.7,"Hagan et al. 2006"
294,"coarse","senesced","Acer",35.0469,-83.0072,0.0093,14.4,"Hagan et al. 2006"
295,"coarse","senesced","Acer",35.0461,-83.0181,0.0059,10.7,"Hagan et al. 2006"
296,"coarse","senesced","Acer",35.0519,-83.0169,0.0075,11.2,"Hagan et al. 2006"
297,"coarse","senesced","Cornus",38.9667,-79.0158,0.02145,10.75,"Benfield and Webster 1985 Freshwater Biology"
298,"coarse","senesced","Acer",38.9667,-79.0158,0.011875,10.75,"Benfield and Webster 1985 Freshwater Biology"
299,"coarse","senesced","Quercus",38.9667,-79.0158,0.0084,10.75,"Benfield and Webster 1985 Freshwater Biology"
309,"coarse","senesced","Quercus",37.7,-80.0106,0.0120857142857143,10.75,"Simon and Benfield 2001"
316,"coarse","senesced","Nothofagus",-41.0022,-71.0064,0.00533333333333333,6.93333333333333,"Albarino and Balseiro.2002.Aquatic Conservation"
317,"coarse","senesced","Pinus",-41.0022,-71.0064,0.0017,3.4,"Albarino and Balseiro.2002.Aquatic Conservation"
320,"coarse","senesced","Betula",42.7,-112.0033,0.0186,5.3,"Royer & Minshall 2001 Freshwater Biology"
321,"coarse","senesced","Cornus",42.7,-112.0033,0.0461,5.3,"Royer & Minshall 2001 Freshwater Biology"
322,"coarse","senesced","Populus",42.7,-112.0033,0.0311,5.3,"Royer & Minshall 2001 Freshwater Biology"
323,"coarse","senesced","Ulmus",39.0853,-96.0058,0.0084,11.8333333333333,"Tate and Gurtz 1986"
327,"coarse","senesced","Ficus",12.9167,75.35,0.0075,31,"Raviraja et al 1998 FW Biology"
328,"coarse","senesced","Ficus",12.8833,75.0333,0.0066,31,"Raviraja et al 1998 FW Biology"
329,"coarse","senesced","Eucalyptus",12.9167,75.35,0.0074,31,"Raviraja et al 1998 FW Biology"
330,"coarse","senesced","Eucalyptus",12.8833,75.0333,0.0071,31,"Raviraja et al 1998 FW Biology"
335,"coarse","senesced","Populus",45.5728,84.7542,0.00395,7.8,"Rier et al. JNABS 2002"
337,"coarse","senesced","Alnus",46.6217,8.0303,0.0042,1,"Robinson and Jolidon 2005 JNABS"
338,"coarse","senesced","Alnus",46.4033,9.9297,0.00625,2.75,"Robinson and Jolidon 2005 JNABS"
339,"coarse","senesced","Alnus",46.4844,9.8336,0.009975,4.55,"Robinson and Jolidon 2005 JNABS"
344,"fine","senesced","Quercus",47.4333,7.45,0.0043,8.4,"Rosset et al int rev ges hydrobiol 1982"
345,"fine","senesced","Larix",47.4333,7.45,0.002,8.4,"Rosset et al int rev ges hydrobiol 1982"
346,"fine","senesced","Picea",47.4333,7.45,0.0016,8.4,"Rosset et al int rev ges hydrobiol 1982"
350,"fine","senesced","Quercus",47.0667,8.05,0.0036,5.6,"Rosset et al int rev ges hydrobiol 1982"
351,"fine","senesced","Larix",47.0667,8.05,0.0017,5.6,"Rosset et al int rev ges hydrobiol 1982"
352,"fine","senesced","Picea",47.0667,8.05,0.0015,5.6,"Rosset et al int rev ges hydrobiol 1982"
353,"fine","senesced","Quercus",47.0333,8.0333,0.0034,4.8,"Rosset et al int rev ges hydrobiol 1982"
354,"fine","senesced","Larix",47.0333,8.0333,0.0017,4.8,"Rosset et al int rev ges hydrobiol 1982"
355,"fine","senesced","Picea",47.0333,8.0333,0.0016,4.8,"Rosset et al int rev ges hydrobiol 1982"
356,"coarse","senesced","Quercus",47.4333,7.45,0.011,8.1,"Rosset et al int rev ges hydrobiol 1982"
357,"coarse","senesced","Larix",47.4333,7.45,0.006,8.1,"Rosset et al int rev ges hydrobiol 1982"
358,"coarse","senesced","Picea",47.4333,7.45,0.0015,8.1,"Rosset et al int rev ges hydrobiol 1982"
359,"coarse","senesced","Quercus",47.3667,7.5833,0.013,8.7,"Rosset et al int rev ges hydrobiol 1982"
360,"coarse","senesced","Larix",47.3667,7.5833,0.007,8.7,"Rosset et al int rev ges hydrobiol 1982"
361,"coarse","senesced","Picea",47.3667,7.5833,0.0014,8.7,"Rosset et al int rev ges hydrobiol 1982"
362,"coarse","senesced","Quercus",47.0667,8.05,0.017,5.6,"Rosset et al int rev ges hydrobiol 1982"
363,"coarse","senesced","Larix",47.0667,8.05,0.0046,5.6,"Rosset et al int rev ges hydrobiol 1982"
364,"coarse","senesced","Picea",47.0667,8.05,0.0015,5.6,"Rosset et al int rev ges hydrobiol 1982"
365,"coarse","senesced","Quercus",47.0333,8.0333,0.0044,4.8,"Rosset et al int rev ges hydrobiol 1982"
366,"coarse","senesced","Larix",47.0333,8.0333,0.0019,4.8,"Rosset et al int rev ges hydrobiol 1982"
367,"coarse","senesced","Picea",47.0333,8.0333,0.0014,4.8,"Rosset et al int rev ges hydrobiol 1982"
368,"coarse","senesced","Quercus",38.5594,-79.0083,0.00796666666666667,4.16666666666667,"Rowe et al. Freshwater Biol 1996"
369,"coarse","senesced","Acer",38.5594,-79.0083,0.00756666666666667,4.16666666666667,"Rowe et al. Freshwater Biol 1996"
370,"coarse","senesced","Liriodendron",38.5594,-79.0083,0.0033,4.16666666666667,"Rowe et al. Freshwater Biol 1996"
377,"coarse","senesced","Populus",42.6608,-114.0156,0.037,18.5,"Royer & Minshall 1997"
378,"coarse","senesced","Cornus",42.5897,-112.0069,0.039,3.1,"Royer et al. 1999 Hydrobiologia"
379,"coarse","senesced","Populus",42.5897,-112.0069,0.0341,3.1,"Royer et al. 1999 Hydrobiologia"
381,"coarse","senesced","Populus",43.4883,-113.0108,0.0323,1.5,"Royer et al. 1999 Hydrobiologia"
389,"coarse","senesced","Salix",45.0097,-92.8347,0.0100166666666667,5.5,"Ruetz et al 2002 Oecologia"
395,"coarse","senesced","Acer",42.3833,-86.1186,0.04,4.7,"Ruetz et al 2006 Freshwat biol"
397,"coarse","senesced","Alnus",43.4167,2.2167,0.0471090909090909,7.81818181818182,"Lecerf and Chauvet 2008 Basic and App Ecol"
407,"fine","senesced","Alnus",43.4167,2.2167,0.0205,7.8,"Lecerf and Chauvet 2008 Basic and App Ecol"
417,"coarse","senesced","Alnus",49.2667,-122.0333,0.00445,5.58125,"Lecerf and Richardson 2010 For Ecol and Mgt"
433,"coarse","senesced","Alnus",44.2167,1.8667,0.1797,6.6,"Lecerf et al 2006 Arch Hydrobiol"
434,"coarse","senesced","Alnus",44.25,1.8667,0.1758,7.4,"Lecerf et al 2006 Arch Hydrobiol"
435,"coarse","senesced","Alnus",44.05,1.9,0.1115,8.7,"Lecerf et al 2006 Arch Hydrobiol"
436,"coarse","senesced","Alnus",44.2,1.9,0.1582,6.8,"Lecerf et al 2006 Arch Hydrobiol"
437,"coarse","senesced","Alnus",44.2667,1.8,0.1681,6.8,"Lecerf et al 2006 Arch Hydrobiol"
438,"coarse","senesced","Alnus",44.2667,1.4667,0.1626,7.2,"Lecerf et al 2006 Arch Hydrobiol"
439,"coarse","senesced","Alnus",43.9,1.75,0.0872,6.5,"Lecerf et al 2006 Arch Hydrobiol"
440,"coarse","senesced","Alnus",44.25,1.35,0.0397,7.6,"Lecerf et al 2006 Arch Hydrobiol"
441,"coarse","senesced","Alnus",44.05,1.4333,0.0216,7.4,"Lecerf et al 2006 Arch Hydrobiol"
442,"fine","senesced","Alnus",44.2167,1.8667,0.018,6.6,"Lecerf et al 2006 Arch Hydrobiol"
443,"fine","senesced","Alnus",44.25,1.8667,0.0199,7.4,"Lecerf et al 2006 Arch Hydrobiol"
444,"fine","senesced","Alnus",44.05,1.9,0.0192,8.7,"Lecerf et al 2006 Arch Hydrobiol"
445,"fine","senesced","Alnus",44.2,1.9,0.0158,6.8,"Lecerf et al 2006 Arch Hydrobiol"
446,"fine","senesced","Alnus",44.2667,1.8,0.0171,6.8,"Lecerf et al 2006 Arch Hydrobiol"
447,"fine","senesced","Alnus",44.2667,1.4667,0.0177,7.2,"Lecerf et al 2006 Arch Hydrobiol"
448,"fine","senesced","Alnus",43.9,1.75,0.0167,6.5,"Lecerf et al 2006 Arch Hydrobiol"
449,"fine","senesced","Alnus",44.25,1.35,0.0191,7.6,"Lecerf et al 2006 Arch Hydrobiol"
450,"fine","senesced","Alnus",44.05,1.4333,0.0188,7.4,"Lecerf et al 2006 Arch Hydrobiol"
451,"coarse","senesced","Quercus",42.1333,0.5833,0.0064,6.15,"Lecerf et al 2007 Can J Fish and Aq Sci"
455,"coarse","senesced","Quercus",53.3667,-1.8166,0.01345,6.85,"Lecerf et al 2007 Can J Fish and Aq Sci"
459,"coarse","senesced","Fagus",43.4167,2.2167,0.00632,5.84,"Lecerf et al 2007 Ecology"
460,"coarse","senesced","Quercus",43.4167,2.2167,0.01215,8,"Lecerf et al 2007 Ecology"
462,"coarse","senesced","Acer",43.4167,2.2167,0.0499,8,"Lecerf et al 2007 Ecology"
463,"coarse","senesced","Betula",43.4167,2.2167,0.014,8,"Lecerf et al 2007 Ecology"
464,"coarse","senesced","Ulmus",43.4167,2.2167,0.0399,8,"Lecerf et al 2007 Ecology"
465,"coarse","senesced","Corylus",43.4167,2.2167,0.037,5.84,"Lecerf et al 2007 Ecology"
468,"coarse","senesced","Fraxinus",43.4167,2.2167,0.05602,5.84,"Lecerf et al 2007 Ecology"
494,"coarse","senesced","Fagus",45.3833,25.55,0.0015,1.5,"Lecerf et al 2007 Ecology"
495,"coarse","senesced","Quercus",45.3833,25.55,0.00255,1.5,"Lecerf et al 2007 Ecology"
497,"coarse","senesced","Acer",45.3833,25.55,0.0067,1.5,"Lecerf et al 2007 Ecology"
498,"coarse","senesced","Betula",45.3833,25.55,0.0064,1.5,"Lecerf et al 2007 Ecology"
499,"coarse","senesced","Ulmus",45.3833,25.55,0.0155,1.5,"Lecerf et al 2007 Ecology"
500,"coarse","senesced","Corylus",45.3833,25.55,0.0035,1.5,"Lecerf et al 2007 Ecology"
501,"coarse","senesced","Alnus",45.3833,25.55,0.0134,1.5,"Lecerf et al 2007 Ecology"
503,"coarse","senesced","Fraxinus",45.3833,25.55,0.0122,1.5,"Lecerf et al 2007 Ecology"
557,"coarse","senesced","Eucalyptus",-35,136.0181,0.01235,17.5,"Towns 1991 FW Biology"
561,"coarse","senesced","Alnus",47.0833,8.8,0.0155777777777778,5.9,"Tiegs et al 2008 JNABS"
570,"fine","senesced","Alnus",47.0833,8.8,0.0129777777777778,5.9,"Tiegs et al 2008 JNABS"
580,"coarse","senesced","Ficus",10.4333,-84.0167,0.07,25.4571428571429,"Ardon and Pringle 2008"
605,"coarse","senesced","Cornus",35,-83.05,0.017,9.2,"Ardon et al. 2009 JNABS"
606,"coarse","senesced","Liriodendron",35,-83.05,0.01778,8.98,"Ardon et al. 2009 JNABS"
607,"coarse","senesced","Liquidambar",35,-83.05,0.008,9.2,"Ardon et al. 2009 JNABS"
608,"coarse","senesced","Acer",35,-83.05,0.0185533333333333,10.46,"Ardon et al. 2009 JNABS"
609,"coarse","senesced","Quercus",35,-83.05,0.007025,9.375,"Ardon et al. 2009 JNABS"
610,"coarse","senesced","Rhododendron",35,-83.05,0.00470909090909091,10.9272727272727,"Ardon et al. 2009 JNABS"
611,"coarse","senesced","Pinus",35,-83.05,0.003,12.7,"Ardon et al. 2009 JNABS"
616,"coarse","senesced","Alnus",44.2511,1.8669,0.0124,8.9,"Baldy et al. 2007 Freshwater Biology"
617,"coarse","senesced","Alnus",44.2714,1.4672,0.0025,7.9,"Baldy et al. 2007 Freshwater Biology"
618,"coarse","senesced","Alnus",44.9114,1.7625,0.0043,7.5,"Baldy et al. 2007 Freshwater Biology"
619,"coarse","senesced","Alnus",44.1542,1.5247,0.0028,8.8,"Baldy et al. 2007 Freshwater Biology"
620,"coarse","senesced","Alnus",44.2594,1.3633,0.0046,7.6,"Baldy et al. 2007 Freshwater Biology"
621,"coarse","senesced","Alnus",44.0519,1.4453,0.00705,7.15,"Baldy et al. 2007 Freshwater Biology"
623,"coarse","green","Alnus",47.25,-115.0083,0.0078,4.1,"Braatne et al. 2007. International Review Hydrobiologia"
624,"coarse","green","Populus",47.25,-115.0083,0.008,4.1,"Braatne et al. 2007. International Review Hydrobiologia"
627,"coarse","senesced","Eucalyptus",-32.005,116.0333,0.00075,15.75,"Bunn 1998. Hydrobiologia"
629,"fine","senesced","Eucalyptus",-32.005,116.0333,9e-04,16,"Bunn 1998. Hydrobiologia"
633,"coarse","green","Salix",-31.0667,-60.55,0.0119,16.9,"Capello et al. 2004. Amazonia"
635,"coarse","green","Eucalyptus",-31.0667,-60.55,0.0131,16.9,"Galizzi and Marchese 2009. Hidrobiologica"
637,"coarse","senesced","Eucalyptus",-27.6167,-52.2811,0.005,20.1,"Hepp et al. 2009. Acta botanica brasilica"
652,"coarse","senesced","Acer",35,-83.0103,0.0216,11.75,"Whiles & Wallace  1997"
656,"coarse","senesced","Pinus",35,-83.0103,0.0074,11.75,"Whiles & Wallace  1997"
660,"coarse","senesced","Nothofagus",-41.1333,-71,0.00545,9.3,"Buria et al. 2010. Hydrobiologia"
778,"coarse","senesced","Alnus",34.4,-111.6333,0.0178333333333333,17.7666666666667,"Carteretal_Hydrobiologia_2007"
780,"coarse","senesced","Platanus",34.4,-111.6333,0.005,16.25,"Carteretal_Hydrobiologia_2007"
782,"coarse","senesced","Platanus",37.1553,-3.445,0.0064,10.9,"Casasetal_Reg-Riv-Res-Manage_2000"
783,"coarse","senesced","Platanus",37.1606,-3.495,0.0109,11.5,"Casasetal_Reg-Riv-Res-Manage_2000"
784,"coarse","senesced","Populus",37.1553,-3.445,0.0151,10.9,"Casasetal_Reg-Riv-Res-Manage_2000"
785,"coarse","senesced","Populus",37.1606,-3.4919,0.0224,11.5,"Casasetal_Reg-Riv-Res-Manage_2000"
786,"coarse","senesced","Salix",37.1553,-3.4419,0.0258,10.9,"Casasetal_Reg-Riv-Res-Manage_2000"
787,"coarse","senesced","Salix",37.1606,-3.4919,0.0305,11.5,"Casasetal_Reg-Riv-Res-Manage_2000"
790,"coarse","senesced","Quercus",40.315,-8.3919,0.0058,8.8,"Castelaetal_Env-Poll_2008"
791,"coarse","senesced","Quercus",40.3128,-8.3919,0.0113,8.9,"Castelaetal_Env-Poll_2008"
792,"coarse","senesced","Quercus",40.3058,-8.3919,0.0087,8.3,"Castelaetal_Env-Poll_2008"
793,"coarse","senesced","Quercus",40.3006,-8.4086,0.0273,10.7,"Castelaetal_Env-Poll_2008"
794,"coarse","senesced","Fagus",43.6,1.4333,0.00395,3.25,"Chauvetetal_Can-J-Fish-Aq-Sci_1993"
795,"coarse","senesced","Salix",43.6,1.4333,0.01205,3.25,"Chauvetetal_Can-J-Fish-Aq-Sci_1993"
801,"coarse","senesced","Pinus",57.1333,-3.5167,0.0022625,4.45,"Collenetal_Hydrol-Earth-Sys-Sci_2004"
809,"coarse","senesced","Betula",57.1333,-3.5167,0.022275,4.45,"Collenetal_Hydrol-Earth-Sys-Sci_2004"
821,"coarse","senesced","Alnus",43.4308,2.2167,0.0177666666666667,7.7,"Cornutetal_FW-Bio_2010"
824,"coarse","senesced","Liquidambar",32.45,-81.05,0.020375,18.1,"Cuffney&Wallace_Arch-Hydrobiol_1987"
828,"coarse","senesced","Quercus",32.45,-81.05,0.004325,18.1,"Cuffney&Wallace_Arch-Hydrobiol_1987"
832,"coarse","senesced","Acer",35,-83.4167,0.00987777777777778,12.6666666666667,"Cuffneyetal_FW-Bio_1990"
835,"coarse","senesced","Rhododendron",35,-83.4167,0.00307777777777778,12.6666666666667,"Cuffneyetal_FW-Bio_1990"
874,"coarse","senesced","Liquidambar",22.4167,114.0167,0.03815,16.4,"Dudgeon and Gao 2010 Marine and FW Research"
875,"coarse","green","Ficus",22.4167,114.0167,0.0391,16.4,"Dudgeon and Gao 2010 Marine and FW Research"
895,"coarse","green","Fagus",48.0833,7.3,0.0031,4.93333333333333,"Dangles and Guerold 1998 Arch Hydrobiologia, Dangles and Guerold 2000"
897,"fine","green","Fagus",48.0833,7.3,0.000885714285714286,2.97142857142857,"Dangles and Guerold 2001 Arch Hydrobiologia"
911,"coarse","senesced","Alnus",43.25,-2.9167,0.0281333333333333,10.0666666666667,"Pozo et al_1998_Hydrobiologia"
914,"coarse","senesced","Eucalyptus",43.25,-2.9167,0.008025,9.8875,"Pozo et al_1998_Hydrobiologia"
917,"coarse","senesced","Fagus",48.5333,-1.55,0.005,8.50833333333333,"Piscart et al_2009_Enviro Pollution"
918,"fine","senesced","Fagus",48.5333,-1.55,0.0370583333333333,8.50833333333333,"Piscart et al_2009_Enviro Pollution"
959,"coarse","senesced","Alnus",41.45,-8.4333,0.0240444444444444,13.1777777777778,"Pascoal et al_2003_Freshwater Biol"
960,"fine","senesced","Alnus",41.45,-8.4333,0.0143888888888889,13.1777777777778,"Pascoal et al_2003_Freshwater Biol"
971,"coarse","senesced","Alnus",41.6833,-8.2667,0.0382,12.5,"Pascoal et al_2001_Int Rev of Hydrobiology"
978,"coarse","senesced","Quercus",-43.2833,171.91,0.0099,5,"Parkyn and Winterbourn_1997_New Zealand J of Marine and Freshwater Research"
979,"coarse","senesced","Ulmus",-43.2833,171.91,0.0269,5,"Parkyn and Winterbourn_1997_New Zealand J of Marine and Freshwater Research"
980,"coarse","senesced","Salix",-43.2833,171.91,0.016,5,"Parkyn and Winterbourn_1997_New Zealand J of Marine and Freshwater Research"
981,"coarse","senesced","Nothofagus",-43.2833,171.91,0.014,5,"Parkyn and Winterbourn_1997_New Zealand J of Marine and Freshwater Research"
982,"coarse","senesced","Melicytus",-43.2833,171.91,0.0135,5,"Parkyn and Winterbourn_1997_New Zealand J of Marine and Freshwater Research"
1000,"coarse","senesced","Salix",39.2833,-106.0033,0.006,4,"Niyogi et al_2001_Ecological App"
1002,"coarse","senesced","Salix",39.3,-106.0033,0.009,4,"Niyogi et al_2001_Ecological App"
1008,"coarse","senesced","Salix",39.5333,-105.0017,0.013,4,"Niyogi et al_2001_Ecological App"
1009,"coarse","senesced","Salix",39.5667,-105.0083,0.00633333333333333,4,"Niyogi et al_2001_Ecological App"
1012,"coarse","senesced","Salix",39.6167,-105.0083,0.005,4,"Niyogi et al_2001_Ecological App"
1013,"coarse","senesced","Salix",39.0333,-106.0017,0.00733333333333333,4,"Niyogi et al_2001_Ecological App, Niyogi et al. 2002 Arch Hydro"
1016,"coarse","senesced","Salix",39.2833,-106,0.00633333333333333,4,"Niyogi et al_2001_Ecological App"
1019,"coarse","senesced","Salix",38.8,-106.0017,0.008,4,"Niyogi et al_2001_Ecological App"
1022,"coarse","senesced","Salix",40.2167,-106.0067,0.016,4,"Niyogi et al_2001_Ecological App"
1024,"coarse","senesced","Salix",39.7667,-105.0067,0.006,4,"Niyogi et al_2001_Ecological App"
1026,"coarse","senesced","Quercus",36,-84.2667,0.01698,10.58,"Newbold et al_1983_Freshw Biol"
1032,"coarse","senesced","Phragmites",36.1167,-115.0017,6e-04,25.1,"Nelson_2011_Int Rev Hydrobiol"
1034,"coarse","senesced","Populus",39.25,-106.0033,0.0150333333333333,6.03333333333333,"Nelson and Roline_2000_J Freshwater Ecol"
1040,"coarse","senesced","Populus",40.4667,-108.005,0.016275,13.3666666666667,"Nelson and Andersen_2007_Southwestern Naturalist"
1041,"fine","senesced","Populus",40.4667,-108.005,0.012,13.3666666666667,"Nelson and Andersen_2007_Southwestern Naturalist"
1097,"coarse","senesced","Salix",-19.0158,151.65,0.0535,15.5,"Pidgeon & Cairns_1981_Hydrobiologia"
1098,"fine","senesced","Salix",-19.0158,151.65,0.0155,15.5,"Pidgeon & Cairns_1981_Hydrobiologia"
1099,"coarse","senesced","Eucalyptus",-30.51,151.65,0.0187,15.5,"Pidgeon & Cairns_1981_Hydrobiologia"
1100,"fine","senesced","Eucalyptus",-30.51,151.65,0.0083,15.5,"Pidgeon & Cairns_1981_Hydrobiologia"
1106,"coarse","senesced","Alnus",43.21,-3.2533,0.0377,8.9,"Perez et al 2011 Int Rev Hydrobiologia"
1109,"coarse","senesced","Alnus",43,-2.8911,0.0158,7.6,"Perez et al 2011 Int Rev Hydrobiologia"
1112,"coarse","senesced","Alnus",43.24,-1.88,0.029,9.6,"Perez et al 2011 Int Rev Hydrobiologia"
1114,"coarse","senesced","Alnus",41.82,-2.45,0.0298,9.4,"Perez et al 2011 Int Rev Hydrobiologia"
1116,"coarse","senesced","Alnus",41.77,-2.43,0.0258,6.5,"Perez et al 2011 Int Rev Hydrobiologia"
1118,"coarse","senesced","Alnus",41.78,-2.83,0.0281,3.7,"Perez et al 2011 Int Rev Hydrobiologia"
1123,"coarse","senesced","Alnus",0.1,-78.65,0.0195,18.2,"Encalada et al 2010 Freshwater Biology"
1124,"fine","senesced","Alnus",0.1,-78.65,0.006,18.2,"Encalada et al 2010 Freshwater Biology"
1131,"coarse","senesced","Salix",69.4,-152.4833,0.009398282,8.2,"Benstead et al. 2005 Freshwater Biology"
1135,"fine","senesced","Alnus",-41.4,-71.4667,0.0026,1.9,"Boyero et al. 2011 Ecology Letters"
1136,"fine","senesced","Alnus",-19.45,-43.8667,0.0176,17.3,"Boyero et al. 2011 Ecology Letters"
1137,"fine","senesced","Alnus",-37.4667,-67,0.0064,11.9,"Boyero et al. 2011 Ecology Letters"
1138,"fine","senesced","Alnus",10.43,-84.05,0.037,26,"Boyero et al. 2011 Ecology Letters"
1139,"fine","senesced","Alnus",5.07,-53.0167,0.0252,24.4,"Boyero et al. 2011 Ecology Letters"
1140,"fine","senesced","Alnus",43.42,2.02,0.0085,9.7,"Boyero et al. 2011 Ecology Letters"
1141,"fine","senesced","Alnus",47.8,8.32,0.0198,5.4,"Boyero et al. 2011 Ecology Letters"
1142,"fine","senesced","Alnus",22.43,114.15,0.0026,15.4,"Boyero et al. 2011 Ecology Letters"
1143,"fine","senesced","Alnus",8.8,77.32,0.0048,18,"Boyero et al. 2011 Ecology Letters"
1144,"fine","senesced","Alnus",35.83,138.52,0.0186,10.1,"Boyero et al. 2011 Ecology Letters"
1145,"fine","senesced","Alnus",-0.005,35.93,0.0052,16.5,"Boyero et al. 2011 Ecology Letters"
1146,"fine","senesced","Alnus",19.73,-101.1,0.0219,15.6,"Boyero et al. 2011 Ecology Letters"
1147,"fine","senesced","Alnus",3.15,113.94,0.0082,23.7,"Boyero et al. 2011 Ecology Letters"
1148,"fine","senesced","Alnus",-30.4333,153.04,0.0185,12.3,"Boyero et al. 2011 Ecology Letters"
1149,"fine","senesced","Alnus",42.75,-77.25,0.0056,6.2,"Boyero et al. 2011 Ecology Letters"
1150,"fine","senesced","Alnus",-41.35,175.54,0.0046,12.7,"Boyero et al. 2011 Ecology Letters"
1151,"fine","senesced","Alnus",9.09,-79.7333,0.0428,24.1,"Boyero et al. 2011 Ecology Letters"
1152,"fine","senesced","Alnus",18.32,-66.3667,0.0876,21.8,"Boyero et al. 2011 Ecology Letters"
1153,"fine","senesced","Alnus",40.08,-8.0333,0.0136,8.2,"Boyero et al. 2011 Ecology Letters"
1154,"fine","senesced","Alnus",-19.6333,146.17,0.019,15.5,"Boyero et al. 2011 Ecology Letters"
1155,"fine","senesced","Alnus",-42.3,147.3,0.0132,11.3,"Boyero et al. 2011 Ecology Letters"
1156,"fine","senesced","Alnus",10.69,-62.4833,0.0535,24.7,"Boyero et al. 2011 Ecology Letters"
1157,"coarse","senesced","Alnus",-41.4,-71.4667,0.0217,1.9,"Boyero et al. 2011 Ecology Letters"
1158,"coarse","senesced","Alnus",-19.45,-43.8667,0.0118,17.3,"Boyero et al. 2011 Ecology Letters"
1159,"coarse","senesced","Alnus",-37.4667,-67,0.0424,11.9,"Boyero et al. 2011 Ecology Letters"
1160,"coarse","senesced","Alnus",10.43,-84.05,0.0479,26,"Boyero et al. 2011 Ecology Letters"
1161,"coarse","senesced","Alnus",5.07,-53.0167,0.0104,24.4,"Boyero et al. 2011 Ecology Letters"
1162,"coarse","senesced","Alnus",43.42,2.02,0.0633,9.7,"Boyero et al. 2011 Ecology Letters"
1163,"coarse","senesced","Alnus",47.8,8.32,0.0777,5.4,"Boyero et al. 2011 Ecology Letters"
1164,"coarse","senesced","Alnus",22.43,114.15,0.0698,15.4,"Boyero et al. 2011 Ecology Letters"
1165,"coarse","senesced","Alnus",8.8,77.32,0.035,18,"Boyero et al. 2011 Ecology Letters"
1166,"coarse","senesced","Alnus",35.83,138.52,0.0693,10.1,"Boyero et al. 2011 Ecology Letters"
1167,"coarse","senesced","Alnus",-0.6167,35.93,0.0216,16.5,"Boyero et al. 2011 Ecology Letters"
1168,"coarse","senesced","Alnus",19.73,-101.1,0.0696,15.6,"Boyero et al. 2011 Ecology Letters"
1169,"coarse","senesced","Alnus",3.15,113.94,0.0463,23.7,"Boyero et al. 2011 Ecology Letters"
1170,"coarse","senesced","Alnus",-30.4333,153.04,0.0518,12.3,"Boyero et al. 2011 Ecology Letters"
1171,"coarse","senesced","Alnus",42.75,-77.25,0.0259,6.2,"Boyero et al. 2011 Ecology Letters"
1172,"coarse","senesced","Alnus",-41.35,175.54,0.0364,12.7,"Boyero et al. 2011 Ecology Letters"
1173,"coarse","senesced","Alnus",9.09,-79.7333,0.0483,24.1,"Boyero et al. 2011 Ecology Letters"
1174,"coarse","senesced","Alnus",18.32,-66.3667,0.1196,21.8,"Boyero et al. 2011 Ecology Letters"
1175,"coarse","senesced","Alnus",40.08,-8.0333,0.0374,8.2,"Boyero et al. 2011 Ecology Letters"
1176,"coarse","senesced","Alnus",-19.6333,146.17,0.0767,15.5,"Boyero et al. 2011 Ecology Letters"
1177,"coarse","senesced","Alnus",-42.3,147.3,0.0661,11.3,"Boyero et al. 2011 Ecology Letters"
1178,"coarse","senesced","Alnus",10.69,-62.4833,0.0863,24.7,"Boyero et al. 2011 Ecology Letters"
1179,"coarse","senesced","Populus",35,-106,0.0226,9.7,"Harner et al. 2009 Ecological Applications"
1182,"coarse","senesced","Fraxinus",36.3939,-116.2744,0.011737975,28,"Kennedy and Hobbie 2004 Freshwater Biology"
1184,"coarse","senesced","Alnus",48.3531,-85.3406,0.00726666666666667,14.2166666666667,"Kreutzweiser et al. 2010 Freshwater Biology"
1185,"coarse","senesced","Alnus",48.3267,-85.3503,0.0115,14.4,"Kreutzweiser et al. 2010 Freshwater Biology"
1186,"coarse","senesced","Alnus",48.2344,-85.3711,0.00536666666666667,12.925,"Kreutzweiser et al. 2010 Freshwater Biology"
1187,"coarse","senesced","Alnus",48.3142,-85.3394,0.00796666666666667,12.86,"Kreutzweiser et al. 2010 Freshwater Biology"
1188,"coarse","senesced","Alnus",48.2739,-85.39,0.00851666666666667,15.3666666666667,"Kreutzweiser et al. 2010 Freshwater Biology"
1189,"coarse","senesced","Alnus",48.2569,-85.4042,0.00636666666666667,13.4333333333333,"Kreutzweiser et al. 2010 Freshwater Biology"
1191,"coarse","senesced","Alnus",48.3264,-85.3503,0.00734,13.14,"Kreutzweiser et al. 2010 Freshwater Biology"
1232,"coarse","green","Ficus",22.4167,114.1833,0.037,18.5,"Li et al. 2009 Aquatic Science"
1234,"coarse","senesced","Liquidambar",22.4167,114.1833,0.0223,15.5,"Li et al. 2009 Aquatic Science"
1238,"coarse","senesced","Liquidambar",22.4,114.2167,0.0098,15.8,"Li and Dudgeon 2009 JNABS"
1239,"coarse","senesced","Liquidambar",22.4,114.15,0.0139,15,"Li and Dudgeon 2009 JNABS"
1240,"coarse","senesced","Liquidambar",22.3833,114.05,0.0193,15.3,"Li and Dudgeon 2009 JNABS"
1242,"coarse","senesced","Liquidambar",22.35,114.25,0.0087,14.5,"Li and Dudgeon 2009 JNABS"
1243,"coarse","senesced","Liquidambar",22.4,114.1167,0.0137,15,"Li and Dudgeon 2009 JNABS"
1244,"coarse","senesced","Liquidambar",22.4333,114.3167,0.01315,16.3,"Li and Dudgeon 2009 JNABS"
1245,"coarse","senesced","Liquidambar",22.4333,114.1167,0.0231,16.5,"Li and Dudgeon 2009 JNABS"
1246,"coarse","senesced","Liquidambar",22.4,114.05,0.00915,16.5,"Li and Dudgeon 2009 JNABS"
1247,"coarse","senesced","Liquidambar",22.2667,113.95,0.01015,15.5,"Li and Dudgeon 2009 JNABS"
1248,"coarse","senesced","Liquidambar",22.4,114.2333,0.0202,15.8,"Li and Dudgeon 2009 JNABS"
1258,"coarse","senesced","Acer",46.4667,-89.0167,0.0104444444444444,1.53333333333333,"Entrekin et al. 2008 Freshwater Biology"
1294,"coarse","senesced","Acer",36,-84.2667,0.0037,9.15,"Mulholland et al. 1987 JNABS"
1298,"coarse","senesced","Populus",39.25,-106.0333,0.0147333333333333,6.875,"Nelson 2000 Environmental Pollution"
1328,"coarse","senesced","Populus",36.9008,-111.5983,0.0062,10,"Pomeroy et al. 2000 Hydrobiologia"
1329,"coarse","senesced","Salix",36.9008,-111.5983,0.0038,10,"Pomeroy et al. 2000 Hydrobiologia"
1339,"coarse","senesced","Nothofagus",-43.0333,171.7667,0.0038,9.8,"Davis and Winterbourn 1977 Oikos"
1340,"fine","senesced","Ulmus",40.6575,-78.2019,0.0495,9.7,"Sangiorgio et al 2010 Hydrobiologia"
1342,"fine","senesced","Ulmus",40.5375,-78.0739,0.02,10,"Sangiorgio et al 2010 Hydrobiologia"
1343,"fine","senesced","Ulmus",40.5267,-78.1372,0.087,9.7,"Sangiorgio et al 2010 Hydrobiologia"
1344,"fine","senesced","Ulmus",40.5236,-77.9967,0.094,9.9,"Sangiorgio et al 2010 Hydrobiologia"
1345,"coarse","senesced","Fraxinus",33.4667,-111.6,0.0125,12.5,"Schade and Fisher 1997 JNABS"
1346,"coarse","senesced","Populus",33.4667,-111.6,0.0176,12.5,"Schade and Fisher 1997 JNABS"
1347,"coarse","senesced","Platanus",33.4667,-111.6,0.005,12.5,"Schade and Fisher 1997 JNABS"
1348,"coarse","senesced","Salix",33.4667,-111.6,0.007,12.5,"Schade and Fisher 1997 JNABS"
1354,"coarse","senesced","Alnus",60.0333,21.4333,0.0177375,17.4,"Schafer et al. 2007 Science of the Total Environment"
1370,"coarse","senesced","Alnus",48.25,-2.9167,0.0308333333333333,12.6083333333333,"Schafer et al. 2007 Science of the Total Environment"
1400,"coarse","senesced","Betula",51.05,4.1833,0.00246666666666667,13,"Siefert and Mutz 2001 Ecological Engineering"
1403,"coarse","senesced","Acer",38.9333,-79.9667,0.00555,17.3,"Simmons and Lawrence 2005 Journal of Freshwater Ecology"
1411,"coarse","senesced","Acer",43.8333,-70.45,0.0178172413793103,8.16551724137931,"Woodcock and Huryn 2004 Environmental Monitoring and Assessment"
1481,"fine","green","Alnus",42.05,9,0.0011,5,"Schwarz and Schwoerbel 1997 Annales de Limnologie"
1482,"coarse","green","Alnus",42.05,9,0.117,5,"Schwarz and Schwoerbel 1997 Annales de Limnologie"
1483,"fine","green","Quercus",42.05,9,0.00253333333333333,6.56666666666667,"Schwarz and Schwoerbel 1997 Annales de Limnologie"
1484,"coarse","green","Quercus",42.05,9,0.00436666666666667,6.56666666666667,"Schwarz and Schwoerbel 1997 Annales de Limnologie"
1491,"coarse","senesced","Ficus",24.75,121.5667,0.0376,17.7,"Shieh et al. 2008 Fundamental and Applied Limnology; Shieh et al. 2007 Zoological Studies"
1492,"coarse","senesced","Quercus",35,-82.5833,0.0231,9.7,"Hutchens and Benfield 2000 American Midland Naturalist"
1496,"coarse","senesced","Rhododendron",35,83.05,0.021,14.55,"Schofield et al. 2001 Freshwater Biology"
1500,"coarse","senesced","Acer",35,83.05,0.0058,10.4,"Schofield et al. 2004 Limnology and Oceanography"
1502,"coarse","senesced","Alnus",45.8,5.04,0.011,10.5,"Chergui and Pattee 1990 Internationale Revue der Gesamte Hydrobiologie"
1503,"coarse","senesced","Populus",45.8,5.04,0.006,10.5,"Chergui and Pattee 1990 Internationale Revue der Gesamte Hydrobiologie"
1504,"coarse","senesced","Salix",45.8,5.04,0.004,10.5,"Chergui and Pattee 1990 Internationale Revue der Gesamte Hydrobiologie"
1505,"coarse","green","Potamogeton",45.8,5.04,0.02,10.5,"Chergui and Pattee 1990 Internationale Revue der Gesamte Hydrobiologie"
1506,"coarse","green","Phragmites",45.8,5.04,0.005,10.5,"Chergui and Pattee 1990 Internationale Revue der Gesamte Hydrobiologie"
1507,"fine","senesced","Alnus",45.8,5.04,0.004,10.5,"Chergui and Pattee 1990 Internationale Revue der Gesamte Hydrobiologie"
1508,"fine","senesced","Populus",45.8,5.04,0.003,10.5,"Chergui and Pattee 1990 Internationale Revue der Gesamte Hydrobiologie"
1509,"fine","senesced","Salix",45.8,5.04,0.002,10.5,"Chergui and Pattee 1990 Internationale Revue der Gesamte Hydrobiologie"
1510,"fine","green","Potamogeton",45.8,5.04,0.009,10.5,"Chergui and Pattee 1990 Internationale Revue der Gesamte Hydrobiologie"
1511,"fine","green","Phragmites",45.8,5.04,0.003,10.5,"Chergui and Pattee 1990 Internationale Revue der Gesamte Hydrobiologie"
1512,"coarse","senesced","Acer",33.75,-84.3833,0.0296916666666667,11.2333333333333,"Paul et al. 2006 Freshwater Biology"
1524,"coarse","senesced","Alnus",48.5833,-85.2667,0.0065,4.3,"Muto et al. 2011 Hydrobiologia"
1525,"fine","senesced","Alnus",48.5833,-85.2667,0.0012,4.3,"Muto et al. 2011 Hydrobiologia"
1526,"coarse","senesced","Betula",48.5833,-85.2667,0.0053,4.3,"Muto et al. 2011 Hydrobiologia"
1527,"fine","senesced","Betula",48.5833,-85.2667,0.0021,4.3,"Muto et al. 2011 Hydrobiologia"
1528,"coarse","senesced","Populus",48.5833,-85.2667,0.0035,4.3,"Muto et al. 2011 Hydrobiologia"
1529,"fine","senesced","Populus",48.5833,-85.2667,0.0019,4.3,"Muto et al. 2011 Hydrobiologia"
1560,"coarse","senesced","Alnus",40.0781,-8.2106,0.06025,10.6,"Graca et al. 2001 JNABS"
1561,"coarse","senesced","Alnus",40.0789,-8.2064,0.0347,10.55,"Graca et al. 2001 JNABS"
1562,"coarse","senesced","Alnus",40.0825,-8.2042,0.03875,11.1,"Graca et al. 2001 JNABS"
1563,"coarse","senesced","Alnus",40.0897,-8.2022,0.0461,11.55,"Graca et al. 2001 JNABS"
1564,"coarse","senesced","Alnus",40.0981,-8.205,0.0402,11.95,"Graca et al. 2001 JNABS"
1565,"coarse","senesced","Alnus",40.0989,-8.2339,0.0421,12.65,"Graca et al. 2001 JNABS"
1566,"coarse","senesced","Alnus",40.1369,-8.1447,0.04665,13.35,"Graca et al. 2001 JNABS"
1567,"coarse","senesced","Alnus",40.0836,-8.305,0.04735,14.35,"Graca et al. 2001 JNABS"
1568,"coarse","senesced","Alnus",40.0617,-8.2997,0.0338,13.75,"Graca et al. 2001 JNABS"
1569,"coarse","senesced","Alnus",40.1581,-8.1875,0.06515,14.95,"Graca et al. 2001 JNABS"
1570,"coarse","senesced","Alnus",40.1892,-8.3342,0.0525,16.35,"Graca et al. 2001 JNABS"
1571,"coarse","senesced","Alnus",40.1756,-8.1958,0.0346,14.3,"Graca et al. 2001 JNABS"
1584,"coarse","senesced","Alnus",40.0833,-8.2372,0.04286,13.12,"Ferreira et al 2006a Archiv fur Hydrobiologie"
1594,"coarse","senesced","Alnus",40.0667,-8.2,0.0245,9.2,"Ferreira et al 2006b Archiv fur Hydrobiologie"
1595,"coarse","senesced","Alnus",40.05,-8.3,0.0233,11.7,"Ferreira et al 2006b Archiv fur Hydrobiologie"
1596,"coarse","senesced","Quercus",41.0667,-8.2,0.0072,9.2,"Ferreira et al 2006b Archiv fur Hydrobiologie"
1597,"coarse","senesced","Quercus",40.05,-8.3,0.0079,11.7,"Ferreira et al 2006b Archiv fur Hydrobiologie"
1598,"coarse","senesced","Alnus",43.3167,-3.0333,0.0297,8.8,"Ferreira et al 2006b Archiv fur Hydrobiologie"
1599,"coarse","senesced","Alnus",43.3167,-3.3167,0.0247,8.7,"Ferreira et al 2006b Archiv fur Hydrobiologie"
1600,"coarse","senesced","Quercus",43.3167,-3.0333,0.0104,8.8,"Ferreira et al 2006b Archiv fur Hydrobiologie"
1601,"coarse","senesced","Quercus",43.3167,-3.3167,0.0215,8.7,"Ferreira et al 2006b Archiv fur Hydrobiologie"
1602,"coarse","senesced","Liriodendron",35.9667,-84.2833,0.01,10.9,"Suberkropp et al 2001 Applied and Env. Microbiology"
1603,"coarse","senesced","Quercus",35.9667,-84.2833,0.007,10.9,"Suberkropp et al 2001 Applied and Env. Microbiology"
1604,"coarse","senesced","Liriodendron",35,-83.4167,0.005,7,"Suberkropp et al 2001 Applied and Env. Microbiology"
1605,"coarse","senesced","Quercus",35,-83.4167,0.004,7,"Suberkropp et al 2001 Applied and Env. Microbiology"
1614,"coarse","senesced","Alnus",51.6,11.3167,0.0875,10.05,"Sridhar et al 2001 Aquatic microbial ecology"
1616,"coarse","senesced","Platanus",37.2833,-80.05,0.0096,13.375,"Sponseller and Benfield 2001 JNABS"
1624,"coarse","senesced","Fagus",50.9167,11.3833,0.01095,16.3,"Spanhoff et al 2007 Water Air Soil Pollution"
1626,"coarse","senesced","Quercus",37.45,-83.2,0.00391666666666667,10.3,"Fritz et al. 2010 JNABS"
1632,"coarse","senesced","Alnus",49.0833,19.55,0.011,3.3,"Fleituch and Leichtfried 2007 Int'l Rev. Hydro."
1633,"coarse","senesced","Alnus",48.4167,15.0667,0.019,6.8,"Fleituch and Leichtfried 2007 Int'l Rev. Hydro."
1634,"coarse","senesced","Liriodendron",33.0167,-87.4833,0.0143333333333333,12.3,"Suberkropp 1995 Can J. of Bot"
1637,"coarse","senesced","Fraxinus",49.8667,20.0333,0.0225449185,5.8,"Fleituch and Leichtfried 2004 Int'l Rev. Hydro."
1639,"fine","senesced","Fraxinus",49.8667,20.0333,0.015545378,5.8,"Fleituch and Leichtfried 2004 Int'l Rev. Hydro."
1641,"coarse","senesced","Fraxinus",47.85,5.0667,0.011937559,6.1,"Fleituch and Leichtfried 2004 Int'l Rev. Hydro."
1643,"fine","senesced","Fraxinus",47.85,5.0667,0.005392572,6.1,"Fleituch and Leichtfried 2004 Int'l Rev. Hydro."
1645,"coarse","senesced","Cunonia",-33.9667,18.4166,0.138,17.5,"Stewart 1992 Arch Hydro"
1646,"fine","senesced","Cunonia",-33.9667,18.4166,0.006,17.5,"Stewart 1992 Arch Hydro"
1647,"coarse","senesced","Ilex",-33.9667,18.4166,0.078,17.5,"Stewart 1992 Arch Hydro"
1648,"fine","senesced","Ilex",-33.9667,18.4166,0.009,17.5,"Stewart 1992 Arch Hydro"
1649,"coarse","senesced","Rhoicissus",-33.9667,18.4166,0.039,17.5,"Stewart 1992 Arch Hydro"
1650,"fine","senesced","Rhoicissus",-33.9667,18.4166,0.003,17.5,"Stewart 1992 Arch Hydro"
1651,"coarse","senesced","Cunonia",-34.0833,18.2333,0.017,17.5,"Stewart 1992 Arch Hydro"
1652,"fine","senesced","Cunonia",-34.0833,18.2333,0.006,17.5,"Stewart 1992 Arch Hydro"
1653,"coarse","senesced","Ilex",-34.0833,18.2333,0.021,17.5,"Stewart 1992 Arch Hydro"
1654,"fine","senesced","Ilex",-34.0833,18.2333,0.009,17.5,"Stewart 1992 Arch Hydro"
1655,"coarse","senesced","Rhoicissus",-34.0833,18.2333,0.012,17.5,"Stewart 1992 Arch Hydro"
1656,"fine","senesced","Rhoicissus",-34.0833,18.2333,0.003,17.5,"Stewart 1992 Arch Hydro"
1657,"coarse","senesced","Alnus",40.2167,-7.9333,0.03642,8.75,"Ferreira et al 2006 Oecologia"
1667,"coarse","senesced","Quercus",40.2167,-7.9333,0.01038,8.75,"Ferreira et al 2006 Oecologia"
1693,"coarse","senesced","Ficus",10.45,-84,0.103,25.5,"Rosemond et al 2001 L&O"
1721,"coarse","senesced","Alnus",66,18,0.02105,3.46666666666667,"Jonsson et al. 2001 Freshwater Biology"
1723,"coarse","senesced","Alnus",61,17,0.023825,5.45,"Jonsson et al. 2001 Freshwater Biology"
1727,"coarse","senesced","Alnus",60,18,0.015,3.1,"Jonsson et al. 2001 Freshwater Biology"
1731,"coarse","senesced","Alnus",65,18,0.020825,2.55,"Jonsson et al. 2001 Freshwater Biology"
1739,"coarse","senesced","Alnus",63,18,0.01346,2.48,"Jonsson et al. 2001 Freshwater Biology"
1744,"coarse","senesced","Acer",41.0667,-75.25,0.002625,5.5,"Kirby 1992 J FW Ecology"
1768,"coarse","senesced","Acer",43.3833,141.3833,0.049,13.2,"Kochi and Yanai 2006 Ecol Res"
1769,"coarse","senesced","Alnus",43.3833,141.3833,0.0226,13.2,"Kochi and Yanai 2006 Ecol Res"
1770,"coarse","green","Acer",43.3833,141.3833,0.0707,13.2,"Kochi and Yanai 2006 Ecol Res"
1771,"coarse","green","Alnus",43.3833,141.3833,0.0439,13.2,"Kochi and Yanai 2006 Ecol Res"
1772,"coarse","green","Acer",43.4833,141.4,0.0345,14.7,"Kochi et al. 2010 JNABS"
1773,"coarse","green","Alnus",43.4833,141.4,0.0521,14.7,"Kochi et al. 2010 JNABS"
1774,"coarse","senesced","Quercus",43.4833,141.4,0.0218,14.7,"Kochi et al. 2010 JNABS"
1779,"coarse","senesced","Salix",44.0017,-115.05,0.0466666666666667,14.0666666666667,"Koetsier et al. 2010 WNAN"
1782,"coarse","senesced","Alnus",45.0667,-64.35,0.014175,14.5125,"MacDonald and Taylor 2008 FAL"
1783,"coarse","senesced","Acer",45.0667,-64.35,0.017175,11.25,"MacDonald and Taylor 2008 FAL"
1794,"coarse","green","Acer",46.2167,-89.5333,0.134,18,"Maloney and Lamberti 1994 AMN"
1795,"coarse","green","Cornus",46.2167,-89.5333,0.133,18,"Maloney and Lamberti 1994 AMN"
1796,"coarse","green","Alnus",46.2167,-89.5333,0.077,18,"Maloney and Lamberti 1994 AMN"
1801,"fine","senesced","Quercus",33.3167,-81.7167,0.0023,18.6,"McArthur et al. 1994 JNABS"
1804,"fine","senesced","Liquidambar",33.3167,-81.7167,0.00766666666666667,18.6,"McArthur et al. 1994 JNABS"
1813,"coarse","senesced","Liriodendron",38.5667,-79.9,0.00778333333333333,3.45,"Meegan et al. 1996 Hydrobiologia"
1814,"coarse","senesced","Acer",38.5667,-79.9,0.0078,3.45,"Meegan et al. 1996 Hydrobiologia"
1815,"coarse","senesced","Quercus",38.5667,-79.9,0.0038,3.45,"Meegan et al. 1996 Hydrobiologia"
1831,"coarse","senesced","Protium",-20.35,-43.6833,0.0041,NA,"Ligeiro et al. 2010 Hydrobiologia"
1834,"coarse","senesced","Myrcia",-20.35,-43.6833,0.0053,NA,"Ligeiro et al. 2010 Hydrobiologia"
1836,"coarse","senesced","Alnus",41.05,-7.1833,0.01466,9.06,"Medeiros et al. 2007 Archiv fur Hydrobiologie"
1838,"fine","senesced","Alnus",41.05,-7.1833,0.005,9.06,"Medeiros et al. 2007 Archiv fur Hydrobiologie"
1846,"fine","green","Phragmites",41.1167,1.2333,0.0037,12.45,"Menendez et al. 2001 IRH"
1847,"fine","senesced","Populus",41.1167,1.2333,0.0099,13.7333333333333,"Menendez et al. 2001 IRH"
1848,"fine","green","Potamogeton",41.1167,1.2333,0.0023,11.9,"Menendez et al. 2001 IRH"
1851,"coarse","green","Phragmites",41.1167,1.2333,0.0052,12.45,"Menendez et al. 2001 IRH"
1852,"coarse","senesced","Populus",41.1167,1.2333,0.0167625,13.4125,"Menendez et al. 2001 IRH"
1853,"coarse","green","Potamogeton",41.1167,1.2333,0.00425,11.9,"Menendez et al. 2001 IRH"
1869,"fine","senesced","Fagus",52.05,-3.1333,0.00289166666666667,4.275,"Merrix et al. 2006 Hydrobiologia"
1881,"fine","senesced","Eucalyptus",41.55,-8.4167,0.014,9.55,"Mesquita et al. 2007 FAL"
1882,"coarse","senesced","Eucalyptus",41.55,-8.4167,0.02,9.55,"Mesquita et al. 2007 FAL"
1885,"coarse","senesced","Castanea",43.25,-2.9167,0.00664,9.78,"Molinero et al. 1996 FWB"
1890,"coarse","senesced","Quercus",43.25,-2.9167,0.004,9.78,"Molinero et al. 1996 FWB"
1900,"coarse","senesced","Myrcia",-19.2844,-43.5172,0.0063,16.1,"Moretti et al. 2007 Limnologica, Moretti et al. 2007 IRH"
1903,"coarse","senesced","Protium",-19.2844,-43.5172,0.00195,16.1,"Moretti et al. 2007 Limnologica, Moretti et al. 2007 IRH"
1905,"coarse","senesced","Myrcia",-20.3558,-43.6947,0.0053,16.5,"Moretti et al. 2007 Limnologica"
1908,"coarse","senesced","Protium",-20.3558,-43.6947,0.0041,16.5,"Moretti et al. 2007 Limnologica"
1920,"fine","senesced","Myrcia",-23.0667,-43.5333,0.006,21.75,"Moulton et al. 2010 Hydrobiologia"
1921,"coarse","senesced","Myrcia",-23.0667,-43.5333,0.00941666666666667,21.75,"Moulton et al. 2010 Hydrobiologia"
1938,"coarse","senesced","Populus",34.4,-111.6333,0.0205,18.6,"Muehlbauer et al. 2009 Hydrobiologia"
1981,"coarse","senesced","Alnus",49.3233,-122.54,0.05685,14.08,"Kominoski et al. 2011 Ecology"
1991,"coarse","senesced","Quercus",34.0833,-5.5167,0.00323333333333333,23.2666666666667,"Naamane et al 1999 Annls Limnol"
1994,"coarse","senesced","Populus",34.0833,-5.5167,0.0137666666666667,23.2666666666667,"Naamane et al 1999 Annls Limnol"
2006,"coarse","senesced","Betula",42.7,-112.4167,0.0186,5.3,"Royer & Minshall 2001"
2007,"coarse","senesced","Cornus",42.7,-112.4167,0.0461,5.3,"Royer & Minshall 2001"
2008,"coarse","senesced","Populus",42.7,-112.4167,0.0311,5.3,"Royer & Minshall 2001"
2009,"coarse","senesced","Quercus",39.2511,-76.72,0.00655,6.7,"Swan et al 2008 Ecoscience"
2011,"coarse","senesced","Acer",39.2511,-76.72,0.0161,6.7,"Swan et al 2008 Ecoscience"
2013,"coarse","senesced","Liriodendron",39.2511,-76.72,0.0315,6.7,"Swan et al 2008 Ecoscience"
2014,"coarse","senesced","Cornus",39.2511,-76.72,0.0384,6.7,"Swan et al 2008 Ecoscience"
2016,"coarse","senesced","Liriodendron",39.23,-76.74,0.0221,8.1,"Swan et al 2009 Ecology"
2017,"coarse","senesced","Fraxinus",39.23,-76.74,0.0155,8.1,"Swan et al 2009 Ecology"
2018,"coarse","senesced","Fagus",39.23,-76.74,0.0054,8.1,"Swan et al 2009 Ecology"
2019,"coarse","senesced","Quercus",39.23,-76.74,0.0092,8.1,"Swan et al 2009 Ecology"
2042,"coarse","senesced","Zea",39.0153,-75.9386,0.0388,5.8,"Swan et al 2009 J. Applied Ecology"
2043,"coarse","senesced","Zea",39.0561,-75.9719,0.0284333333333333,5.9,"Swan et al 2009 J. Applied Ecology"
2044,"coarse","senesced","Zea",38.9586,-76.0592,0.0414,2.9,"Swan et al 2009 J. Applied Ecology"
2045,"coarse","senesced","Zea",39.2706,-76.9342,0.0482333333333333,4.7,"Swan et al 2009 J. Applied Ecology"
2046,"coarse","senesced","Zea",39.2572,-76.9311,0.0609,9.8,"Swan et al 2009 J. Applied Ecology"
2047,"coarse","senesced","Zea",39.2594,-76.9331,0.0127666666666667,4.6,"Swan et al 2009 J. Applied Ecology"
2050,"coarse","senesced","Zea",38.9725,-76.0592,0.0299,2.9,"Swan et al 2009 J. Applied Ecology"
2058,"coarse","senesced","Zea",39.2572,-76.9339,0.03585,11.15,"Swan et al 2009 J. Applied Ecology"
2060,"coarse","senesced","Zea",39.5697,-76.8767,0.0292555555555556,9.9,"Swan et al 2009 J. Applied Ecology"
2061,"coarse","senesced","Zea",39.5533,-76.8372,0.0243777777777778,9,"Swan et al 2009 J. Applied Ecology"
2062,"coarse","senesced","Zea",39.5903,-76.8767,0.0236,7.9,"Swan et al 2009 J. Applied Ecology"
2096,"coarse","senesced","Alnus",43.9114,1.7625,0.0602,6.5,"Lecerf and Chauvet 2008 FWB"
2098,"coarse","senesced","Alnus",43.3339,2.2317,0.0567,8.3,"Lecerf and Chauvet 2008 FWB"
2099,"coarse","senesced","Alnus",43.4122,2.3767,0.0504,11.8,"Lecerf and Chauvet 2008 FWB"
2100,"coarse","senesced","Alnus",43.4122,2.2336,0.0449,7,"Lecerf and Chauvet 2008 FWB"
2101,"coarse","senesced","Alnus",43.4133,2.2564,0.0476,8.1,"Lecerf and Chauvet 2008 FWB"
2102,"fine","senesced","Alnus",43.9114,1.7625,0.0105,7.5,"Lecerf and Chauvet 2008 FWB"
2103,"fine","senesced","Alnus",44.0519,1.4453,0.00545,8.2,"Lecerf and Chauvet 2008 FWB"
2104,"fine","senesced","Alnus",43.3339,2.2317,0.0069,8.3,"Lecerf and Chauvet 2008 FWB"
2105,"fine","senesced","Alnus",43.4122,2.3767,0.004,11.8,"Lecerf and Chauvet 2008 FWB"
2106,"fine","senesced","Alnus",43.4122,2.2336,0.0061,7,"Lecerf and Chauvet 2008 FWB"
2107,"fine","senesced","Alnus",43.4133,2.2564,0.0055,8.1,"Lecerf and Chauvet 2008 FWB"
2108,"coarse","senesced","Alnus",43.4236,2.1864,0.03445,11.1,"Lagrue et al. 2011 FWB"
2110,"coarse","senesced","Alnus",43.3897,2.2033,0.02095,11.3,"Lagrue et al. 2011 FWB"
2112,"coarse","senesced","Fagus",43.4236,2.1864,0.01045,11.1,"Lagrue et al. 2011 FWB"
2114,"coarse","senesced","Fagus",43.3897,2.2033,0.0126,11.3,"Lagrue et al. 2011 FWB"
2116,"coarse","senesced","Alnus",43.4936,2.2681,0.0521,11.9,"Lecerf et al. unpublished"
2117,"coarse","senesced","Alnus",43.4989,2.2661,0.0959,12.4,"Lecerf et al. unpublished"
2118,"coarse","senesced","Alnus",43.4725,2.2244,0.0335,11.4,"Lecerf et al. unpublished"
2119,"coarse","senesced","Alnus",43.4853,2.2119,0.0373,12.1,"Lecerf et al. unpublished"
2120,"coarse","senesced","Alnus",43.4758,2.2356,0.0276,10.9,"Lecerf et al. unpublished"
2121,"coarse","senesced","Alnus",43.4783,2.2431,0.0625,10.8,"Lecerf et al. unpublished"
2122,"coarse","senesced","Fagus",43.4936,2.2681,0.0281,11.9,"Lecerf et al. unpublished"
2123,"coarse","senesced","Fagus",43.4989,2.2661,0.0484,12.4,"Lecerf et al. unpublished"
2124,"coarse","senesced","Fagus",43.4725,2.2244,0.0136,11.4,"Lecerf et al. unpublished"
2125,"coarse","senesced","Fagus",43.4853,2.2119,0.0124,12.1,"Lecerf et al. unpublished"
2126,"coarse","senesced","Fagus",43.4758,2.2356,0.0169,10.9,"Lecerf et al. unpublished"
2127,"coarse","senesced","Fagus",43.4783,2.2431,0.0194,10.8,"Lecerf et al. unpublished"
2128,"coarse","senesced","Alnus",59.81,15.36,0.00485,NA,"Bergfur et al. 2007 FAL, FWB"
2129,"coarse","senesced","Alnus",59.72,14.78,0.0125,1.7,"Bergfur et al. 2007 FAL, FWB"
2130,"coarse","senesced","Alnus",59.63,15.43,0.0058,1.1,"Bergfur et al. 2007 FAL, FWB"
2131,"coarse","senesced","Alnus",60.62,17.3,0.0122,1.4,"Bergfur et al. 2007 FAL, FWB"
2132,"coarse","senesced","Alnus",60.35,17.7,0.0130666666666667,1.2,"Bergfur et al. 2007 FAL, FWB"
2133,"coarse","senesced","Alnus",59.68,18.68,0.0143666666666667,1.5,"Bergfur et al. 2007 FAL, FWB"
2134,"coarse","senesced","Alnus",59.8,17.61,0.0125,1.1,"Bergfur et al. 2007 FAL, FWB"
2135,"coarse","senesced","Alnus",59.63,16.87,0.0182,NA,"Bergfur et al. 2007 FAL, FWB"
2136,"coarse","senesced","Alnus",59.74,18.49,0.0447666666666667,1.3,"Bergfur et al. 2007 FAL, FWB"
2137,"fine","senesced","Alnus",59.81,15.36,0.003,NA,"Bergfur et al. 2007 FAL, FWB"
2138,"fine","senesced","Alnus",59.72,14.78,0.0065,1.7,"Bergfur et al. 2007 FAL, FWB"
2139,"fine","senesced","Alnus",59.63,15.43,0.003,1.1,"Bergfur et al. 2007 FAL, FWB"
2140,"fine","senesced","Alnus",60.62,17.3,0.0055,1.4,"Bergfur et al. 2007 FAL, FWB"
2141,"fine","senesced","Alnus",60.35,17.7,0.00756666666666667,1.2,"Bergfur et al. 2007 FAL, FWB"
2142,"fine","senesced","Alnus",59.68,18.68,0.00546666666666667,1.5,"Bergfur et al. 2007 FAL, FWB"
2143,"fine","senesced","Alnus",59.8,17.61,0.00645,1.1,"Bergfur et al. 2007 FAL, FWB"
2144,"fine","senesced","Alnus",59.63,16.87,0.0086,NA,"Bergfur et al. 2007 FAL, FWB"
2145,"fine","senesced","Alnus",59.74,18.49,0.0096,1.3,"Bergfur et al. 2007 FAL, FWB"
2187,"coarse","senesced","Fagus",48.0833,7.3,0.00166,3.68,"Dangles and Chauvet 2003 Water Research"
2231,"fine","senesced","Alnus",41.7689,-8.1469,0.0111,9,"Duarte et al. 2009 AEM"
2232,"fine","senesced","Alnus",41.5903,-8.3769,0.0179,13,"Duarte et al. 2009 AEM"
2233,"fine","senesced","Alnus",41.585,-8.3517,0.0144,13,"Duarte et al. 2009 AEM"
2234,"fine","senesced","Alnus",41.5269,-8.4358,0.0115,13,"Duarte et al. 2009 AEM"
2235,"fine","senesced","Alnus",41.5286,-8.2878,0.0114,11,"Duarte et al. 2009 AEM"
2237,"fine","senesced","Alnus",44.2511,1.8669,0.0263,9.4,"Duarte et al. 2009 AEM"
2238,"fine","senesced","Alnus",44.1542,1.5247,0.0274,9.9,"Duarte et al. 2009 AEM"
2239,"fine","senesced","Alnus",44.2594,1.3633,0.0276,9.7,"Duarte et al. 2009 AEM"
2241,"coarse","senesced","Acer",35.0519,-82.5697,0.0139,9.2,"Webster et al. 2001 Int. Rev. Hydrol."
2242,"coarse","senesced","Quercus",35.0519,-82.5697,0.0113,9.2,"Webster et al. 2001 Int. Rev. Hydrol."
2243,"coarse","senesced","Rhododendron",35.0519,-82.5697,0.0046,9.2,"Webster et al. 2001 Int. Rev. Hydrol."
2244,"coarse","senesced","Liriodendron",33.0833,-86.75,0.037,14.6,"Weyers and Suberkropp 1996 J-NABS"
2245,"coarse","senesced","Liriodendron",32.9319,-86.5667,0.013,14.7,"Weyers and Suberkropp 1996 J-NABS"
2246,"coarse","green","Melicytus",-41.1333,172.8,0.067,15.6,"Young and Collier 2009, FWB"
2247,"coarse","green","Melicytus",-40.5667,172.8,0.061,19.1,"Young and Collier 2009, FWB"
2248,"coarse","green","Melicytus",-40.9667,172.7833,0.052,19.3,"Young and Collier 2009, FWB"
2249,"coarse","green","Melicytus",-40.5833,172.75,0.052,11.3,"Young and Collier 2009, FWB"
2250,"coarse","green","Melicytus",-40.5833,172.65,0.051,15.9,"Young and Collier 2009, FWB"
2251,"coarse","green","Melicytus",-40.9667,172.7667,0.06,18.2,"Young and Collier 2009, FWB"
2252,"coarse","green","Melicytus",-40.8,172.8667,0.039,19.5,"Young and Collier 2009, FWB"
2253,"coarse","green","Melicytus",-40.9167,172.9667,0.051,19.6,"Young and Collier 2009, FWB"
2254,"fine","senesced","Eucalyptus",-34.25,147.3167,0.004,12.2,"Suter et al. 2011 Marine Freshwater Research"
2255,"fine","senesced","Eucalyptus",-35.25,147.3167,0.0055,11.2,"Suter et al. 2011 Marine Freshwater Research"
2257,"fine","senesced","Populus",46,12.05,0.0168666666666667,11.6,"Langhans and Tockner 2006 Oecologia"
2258,"coarse","senesced","Populus",46,12.05,0.0235333333333333,11.6,"Langhans and Tockner 2006 Oecologia"
2261,"coarse","senesced","Alnus",41.1758,-6.5239,0.070574358974359,10.3846153846154,"Feio et al 2010 FWB"
2300,"fine","senesced","Alnus",41.1758,-6.5239,0.0158641025641026,10.3846153846154,"Feio et al 2010 FWB"
2339,"coarse","senesced","Quercus",41.1758,-6.5239,0.0111487179487179,10.3846153846154,"Feio et al 2010 FWB"
2378,"fine","senesced","Quercus",41.1758,-6.5239,0.00867692307692308,10.3846153846154,"Feio et al 2010 FWB"
2417,"coarse","senesced","Alnus",64.3667,20.3,0.0096,0.5,"McKie and Malmqvist 2008 FWB"
2418,"coarse","senesced","Alnus",64.35,20.3167,0.0164,0.3,"McKie and Malmqvist 2008 FWB"
2419,"coarse","senesced","Alnus",64.3833,20.3,0.0082,0.5,"McKie and Malmqvist 2008 FWB"
2420,"coarse","senesced","Alnus",64.35,20.0333,0.0168,0.3,"McKie and Malmqvist 2008 FWB"
2421,"coarse","senesced","Alnus",64.3667,20.3833,0.0141,0.7,"McKie and Malmqvist 2008 FWB"
2422,"coarse","senesced","Alnus",64.0333,20.6,0.0183,0.3,"McKie and Malmqvist 2008 FWB"
2423,"coarse","senesced","Alnus",64.2,19.85,0.0197,0.2,"McKie and Malmqvist 2008 FWB"
2424,"coarse","senesced","Alnus",64.2,19.8833,0.0326,0.1,"McKie and Malmqvist 2008 FWB"
2425,"coarse","senesced","Alnus",63.8833,20.2,0.0202,0.3,"McKie and Malmqvist 2008 FWB"
2426,"coarse","senesced","Alnus",63.95,20.0333,0.0552,0.1,"McKie and Malmqvist 2008 FWB"
2427,"fine","senesced","Alnus",64.3667,20.3,0.0055,0.5,"McKie and Malmqvist 2008 FWB"
2428,"fine","senesced","Alnus",64.35,20.3167,0.0057,0.3,"McKie and Malmqvist 2008 FWB"
2429,"fine","senesced","Alnus",64.3833,20.3,0.0041,0.5,"McKie and Malmqvist 2008 FWB"
2430,"fine","senesced","Alnus",64.35,20.0333,0.0086,0.3,"McKie and Malmqvist 2008 FWB"
2431,"fine","senesced","Alnus",64.3667,20.3833,0.0059,0.7,"McKie and Malmqvist 2008 FWB"
2432,"fine","senesced","Alnus",64.0333,20.6,0.0092,0.3,"McKie and Malmqvist 2008 FWB"
2433,"fine","senesced","Alnus",64.2,19.85,0.0091,0.2,"McKie and Malmqvist 2008 FWB"
2434,"fine","senesced","Alnus",64.2,19.8833,0.0125,0.1,"McKie and Malmqvist 2008 FWB"
2435,"fine","senesced","Alnus",63.8833,20.2,0.0119,0.3,"McKie and Malmqvist 2008 FWB"
2436,"fine","senesced","Alnus",63.95,20.0333,0.015,0.1,"McKie and Malmqvist 2008 FWB"
2437,"coarse","senesced","Quercus",64.3667,20.3,0.006,0.5,"McKie and Malmqvist 2008 FWB"
2438,"coarse","senesced","Quercus",64.35,20.3167,0.011,0.3,"McKie and Malmqvist 2008 FWB"
2439,"coarse","senesced","Quercus",64.3833,20.3,0.005,0.5,"McKie and Malmqvist 2008 FWB"
2440,"coarse","senesced","Quercus",64.35,20.0333,0.0097,0.3,"McKie and Malmqvist 2008 FWB"
2441,"coarse","senesced","Quercus",64.3667,20.3833,0.0072,0.7,"McKie and Malmqvist 2008 FWB"
2442,"coarse","senesced","Quercus",64.0333,20.6,0.0115,0.3,"McKie and Malmqvist 2008 FWB"
2443,"coarse","senesced","Quercus",64.2,19.85,0.0113,0.2,"McKie and Malmqvist 2008 FWB"
2444,"coarse","senesced","Quercus",64.2,19.8833,0.0193,0.1,"McKie and Malmqvist 2008 FWB"
2445,"coarse","senesced","Quercus",63.8833,20.2,0.0167,0.3,"McKie and Malmqvist 2008 FWB"
2446,"coarse","senesced","Quercus",63.95,20.0333,0.0256,0.1,"McKie and Malmqvist 2008 FWB"
2447,"fine","senesced","Quercus",64.3667,20.3,0.0066,0.5,"McKie and Malmqvist 2008 FWB"
2448,"fine","senesced","Quercus",64.35,20.3167,0.0069,0.3,"McKie and Malmqvist 2008 FWB"
2449,"fine","senesced","Quercus",64.3833,20.3,0.0057,0.5,"McKie and Malmqvist 2008 FWB"
2450,"fine","senesced","Quercus",64.35,20.0333,0.0092,0.3,"McKie and Malmqvist 2008 FWB"
2451,"fine","senesced","Quercus",64.3667,20.3833,0.0056,0.7,"McKie and Malmqvist 2008 FWB"
2452,"fine","senesced","Quercus",64.0333,20.6,0.0099,0.3,"McKie and Malmqvist 2008 FWB"
2453,"fine","senesced","Quercus",64.2,19.85,0.0118,0.2,"McKie and Malmqvist 2008 FWB"
2454,"fine","senesced","Quercus",64.2,19.8833,0.017,0.1,"McKie and Malmqvist 2008 FWB"
2455,"fine","senesced","Quercus",63.8833,20.2,0.0149,0.3,"McKie and Malmqvist 2008 FWB"
2456,"fine","senesced","Quercus",63.95,20.0333,0.0166,0.1,"McKie and Malmqvist 2008 FWB"
2457,"coarse","senesced","Alnus",41.45,-6.15,0.0135,6.7,"Sampaio et al. 2001 IRH"
2458,"coarse","senesced","Quercus",41.45,-6.15,0.0085,6.7,"Sampaio et al. 2001 IRH"
2459,"coarse","senesced","Eucalyptus",41.45,-6.15,0.0083,6.7,"Sampaio et al. 2001 IRH"
2460,"coarse","senesced","Acer",39.5833,-77.1,0.0124,12.7666666666667,"Simmons et al. 2008 Ecol Apps"
2469,"coarse","senesced","Alnus",22.4167,114.0167,0.0494,15.6,"Dudgeon and Gao 2011 FAL"
2471,"fine","green","Ficus",22.4167,114.0167,0.0226,15.6,"Dudgeon and Gao 2011 FAL"
2472,"fine","senesced","Liquidambar",22.4167,114.0167,0.0058,15.6,"Dudgeon and Gao 2011 FAL"
2474,"fine","senesced","Alnus",22.4167,114.0167,0.01,15.6,"Dudgeon and Gao 2011 FAL"
2476,"coarse","green","Bambusa",-7.95,114.1833,0.0049,20.5,"Lohr et al. 2006 Hydrobiologia"
2477,"coarse","green","Bambusa",-7.4833,112.2166,0.0081,23.15,"Lohr et al. 2006 Hydrobiologia"
2479,"coarse","green","Bambusa",-8,114.2,0.0196,23.1,"Lohr et al. 2006 Hydrobiologia"
2480,"coarse","green","Tectona",-7.95,114.1833,0.0138,20.5,"Lohr et al. 2006 Hydrobiologia"
2481,"coarse","green","Tectona",-7.4833,112.2166,0.01675,23.15,"Lohr et al. 2006 Hydrobiologia"
2483,"coarse","green","Tectona",-8,114.2,0.0313,23.1,"Lohr et al. 2006 Hydrobiologia"
2484,"fine","green","Bambusa",-7.95,114.1833,0.0052,20.5,"Lohr et al. 2006 Hydrobiologia"
2485,"fine","green","Bambusa",-7.4833,112.2166,0.00595,23.15,"Lohr et al. 2006 Hydrobiologia"
2487,"fine","green","Bambusa",-8,114.2,0.0159,23.1,"Lohr et al. 2006 Hydrobiologia"
2488,"fine","green","Tectona",-7.95,114.1833,0.0146,20.5,"Lohr et al. 2006 Hydrobiologia"
2489,"fine","green","Tectona",-7.4833,112.2166,0.0141,23.15,"Lohr et al. 2006 Hydrobiologia"
2491,"fine","green","Tectona",-8,114.2,0.0242,23.1,"Lohr et al. 2006 Hydrobiologia"
2492,"coarse","senesced","Populus",41.7,2.0667,0.005,12.1,"Artigas et al. 2011 IRH"
2493,"coarse","senesced","Platanus",41.7,2.0667,0.0029,10.7,"Artigas et al. 2011 IRH"
2494,"coarse","senesced","Alnus",37.0667,-2.9833,0.014,6.8,"Casas et al. 2011 FWB"
2495,"coarse","senesced","Alnus",37.0167,-2.9833,0.0131,8.9,"Casas et al. 2011 FWB"
2496,"coarse","senesced","Alnus",37.0167,-1.9833,0.0104,9.4,"Casas et al. 2011 FWB"
2497,"coarse","senesced","Alnus",37.0833,-1.9333,0.0947,17.5,"Casas et al. 2011 FWB"
2498,"coarse","senesced","Alnus",37.0833,-1.95,0.0111,16.2,"Casas et al. 2011 FWB"
2499,"coarse","senesced","Alnus",37.15,-2,0.0107,17.7,"Casas et al. 2011 FWB"
2500,"coarse","senesced","Alnus",36.0833,2.6333,0.0168,16.6,"Casas et al. 2011 FWB"
2501,"coarse","senesced","Acer",44.8594,-67.8936,0.00853,4.96,"Chadwick and Huryn 2003 JNABS"
2507,"coarse","senesced","Acer",44.8597,-67.8828,0.0059,5.26666666666667,"Chadwick and Huryn 2003 JNABS"
2517,"coarse","senesced","Fagus",44.8594,-67.8936,0.0024,6.1,"Chadwick and Huryn 2003 JNABS"
2519,"coarse","senesced","Fagus",44.8597,-67.8828,0.0019,6.1,"Chadwick and Huryn 2003 JNABS"
2521,"coarse","senesced","Populus",-42.7833,171.1833,0.0205666666666667,16.5,"Corti et al. 2011 Aq Sci"
2524,"fine","senesced","Platanus",32.9333,-89.65,0.0014,19.1,"Smart and Jackson 2009 Microbial Ecology"
2525,"coarse","senesced","Fagus",50.6631,10.9197,0.0054,5.8,"Spanhoff et al 2007 Aquatic Sciences"
2526,"coarse","senesced","Fagus",50.6817,10.8731,0.0099,4.9,"Spanhoff et al 2007 Aquatic Sciences"
2527,"coarse","senesced","Fagus",50.6781,10.9603,0.0087,6.6,"Spanhoff et al 2007 Aquatic Sciences"
2528,"coarse","senesced","Fagus",50.8436,11.2975,0.0038,7.2,"Spanhoff et al 2007 Aquatic Sciences"
2529,"fine","senesced","Alnus",41.5192,-7.7131,0.016,13.2,"Sridhar et al 2009 International Review of Hydrobiology"
2530,"fine","senesced","Alnus",41.5261,-7.7122,0.019,13.9,"Sridhar et al 2009 International Review of Hydrobiology"
2533,"fine","senesced","Cunonia",-32.0333,18.25,0.01,14,"Stewart and Davies 1989 Hydrobiologia"
2534,"coarse","senesced","Cunonia",-32.0333,18.25,0.155,14,"Stewart and Davies 1989 Hydrobiologia"
2536,"fine","senesced","Ilex",-32.0333,18.25,0.01,14,"Stewart and Davies 1989 Hydrobiologia"
2537,"coarse","senesced","Ilex",-32.0333,18.25,0.115,14,"Stewart and Davies 1989 Hydrobiologia"
2539,"coarse","senesced","Liriodendron",33.0167,-86.5167,0.0152785714285714,12.3166666666667,"Suberkropp and Chauvet 1995 Ecology"
2551,"coarse","senesced","Salix",29.65,-96.0333,0.016,16.6,"Short et al. 1984 J of FW Ecol"
2552,"coarse","senesced","Salix",30.0833,-97.5833,0.0054,12.1,"Short et al. 1984 J of FW Ecol"
2553,"coarse","senesced","Platanus",29.65,-96.0333,0.0193,16.6,"Short et al. 1984 J of FW Ecol"
2554,"coarse","senesced","Platanus",30.0833,-97.5833,0.004,12.1,"Short et al. 1984 J of FW Ecol"
2555,"coarse","senesced","Quercus",33.6167,-93.0333,0.012,9.6,"Short et al. 1984 J of FW Ecol"
2556,"coarse","senesced","Liquidambar",33.6167,-93.0333,0.033,9.6,"Short et al. 1984 J of FW Ecol"
2558,"coarse","senesced","Ficus",10.7,-71.3,0.0391,27.95,"Rincon and Santelloco 2009 JNABS_Aq fungi"
2559,"fine","senesced","Ficus",10.7,-71.3,0.04835,27.95,"Rincon and Santelloco 2009 JNABS_Aq fungi"
2583,"coarse","senesced","Phragmites",39.8542,9.0703,0.01025,13.7,"Pinna et al. 2004_Intl Rev Hydro"
2584,"coarse","senesced","Phragmites",39.9166,9.5166,0.0545,11.4,"Pinna et al. 2004_Intl Rev Hydro"
2585,"coarse","senesced","Phragmites",39.8733,9.7078,0.0208,10.3,"Pinna et al. 2004_Intl Rev Hydro"
2586,"coarse","senesced","Phragmites",39.8911,9.2661,0.01805,13.6,"Pinna et al. 2004_Intl Rev Hydro"
2587,"coarse","senesced","Phragmites",40.1764,9.1356,0.05885,14.7,"Pinna et al. 2004_Intl Rev Hydro"
2588,"coarse","senesced","Phragmites",40.1717,9.1347,0.0168,12.5,"Pinna et al. 2004_Intl Rev Hydro"
2589,"coarse","senesced","Phragmites",40.1736,9.1203,0.01435,12.5,"Pinna et al. 2004_Intl Rev Hydro"
2590,"coarse","senesced","Phragmites",40.1764,9.1119,0.0286,13.4,"Pinna et al. 2004_Intl Rev Hydro"
2591,"coarse","senesced","Phragmites",39.8264,8.8481,0.00165,10.4,"Pinna et al. 2004_Intl Rev Hydro"
2592,"coarse","senesced","Phragmites",39.8061,8.8711,0.0302,14.2,"Pinna et al. 2004_Intl Rev Hydro"
2593,"coarse","senesced","Phragmites",39.8428,8.8856,0.00675,11.5,"Pinna et al. 2004_Intl Rev Hydro"
2594,"coarse","senesced","Phragmites",39.8256,8.9064,0.0084,13.6,"Pinna et al. 2004_Intl Rev Hydro"
2596,"coarse","senesced","Phragmites",39.8708,9.5166,0.0102,11.4,"Pinna et al. 2004_Intl Rev Hydro"
2607,"fine","senesced","Alnus",41.55,-7.5833,0.0114,10.4,"Pascoal et al. 2005_Arch Hydrobio"
2609,"fine","green","Alnus",41.55,-7.5833,0.017875,11.05,"Duarte et al. 2008 Microb Ecol"
2615,"coarse","senesced","Acer",35,-82.5833,0.00685,9.3,"Gulis & Suberkropp 2003 FWB"
2617,"coarse","senesced","Rhododendron",35,-82.5833,0.00415,9.3,"Gulis & Suberkropp 2003 FWB"
2619,"coarse","senesced","Alnus",53.4708,-6.0667,0.033975,5.15,"Hladyz et al. 2010 FWB"
2623,"fine","senesced","Alnus",53.4708,-6.0667,0.018,5.15,"Hladyz et al. 2010 FWB"
2627,"coarse","senesced","Quercus",53.4708,-6.0667,0.01295,5.15,"Hladyz et al. 2010 FWB"
2631,"fine","senesced","Quercus",53.4708,-6.0667,0.007125,5.15,"Hladyz et al. 2010 FWB"
2641,"coarse","senesced","Alnus",51.9833,11.6833,0.00766666666666667,10.15,"Krauss et al. 2005 Archiv"
2647,"coarse","senesced","Melicytus",-42.2667,172.85,0.0277,11.5,"Linklater 1995 Hydrobiologia"
2648,"coarse","senesced","Nothofagus",-42.2667,172.85,0.0187,10,"Linklater 1995 Hydrobiologia"
2650,"coarse","senesced","Fagus",45.7333,-63.8,0.00185,3.9,"Maharning and Barlocher 1996 Mycologia"
2651,"coarse","senesced","Quercus",45.7333,-63.8,0.00326666666666667,6.3,"Maharning and Barlocher 1996 Mycologia"
2656,"coarse","senesced","Acer",45.7333,-63.8,0.0089,8.1,"Maharning and Barlocher 1996 Mycologia"
2657,"coarse","senesced","Betula",45.7333,-63.8,0.0035,5.1,"Maharning and Barlocher 1996 Mycologia"
2666,"fine","senesced","Castanea",40.0833,-7.8,0.016825,14.6,"Abelho and Graca 2006. Hydrobiologia"
2670,"coarse","senesced","Castanea",40.0833,-7.8,0.01965,14.6,"Abelho and Graca 2006. Hydrobiologia"
2674,"coarse","senesced","Eucalyptus",40.9333,-7.7833,0.0112,12,"Abelho and Graca 1996.Hydrobiologia"
2677,"coarse","green","Castanea",40.9333,-7.7833,0.0101,12,"Abelho and Graca 1996.Hydrobiologia"
2680,"fine","senesced","Castanea",40.1,-7.7667,0.0073,10.3,"Abelho 2009b Internat Rev Hydrobiol_ATP and ergosterol"
2687,"coarse","senesced","Acer",43.6833,-91.95,0.0166666666666667,9.56666666666667,"Bartodziej and Perry 1990"
2690,"fine","senesced","Acer",43.6833,-91.95,0.0493333333333333,9.56666666666667,"Bartodziej and Perry 1990"
2693,"coarse","senesced","Acer",32.9167,-86.55,0.004,14.8,"Carter and Suberkropp 2004"
2694,"coarse","senesced","Acer",33.0333,-87,0.014,15.6,"Carter and Suberkropp 2004"
2695,"coarse","senesced","Liquidambar",22.3833,114.1167,0.0220178571428571,21.1769230769231,"Niu and Dudgeon_2011_Hydrobiologia"
2711,"coarse","senesced","Liquidambar",22.2667,113.9333,0.01727,21.7,"Niu and Dudgeon_2011_Hydrobiologia"
2733,"coarse","senesced","Alnus",63.05,18.98,0.018,7.06666666666667,"McKie et al. 2006 Journal of Applied Ecology"
2736,"fine","senesced","Alnus",63.05,18.98,0.00666666666666667,7.06666666666667,"McKie et al. 2006 Journal of Applied Ecology"
2757,"coarse","senesced","Fraxinus",42.8667,1.75,0.0515,7.1,"Gessner and Chauvet 1994 Ecology"
2759,"coarse","senesced","Alnus",42.8667,1.75,0.0235333333333333,6.23333333333333,"Gessner and Chauvet 1994 Ecology"
2760,"coarse","senesced","Corylus",42.8667,1.75,0.0146,7.1,"Gessner and Chauvet 1994 Ecology"
2761,"coarse","senesced","Platanus",42.8667,1.75,0.0052,7.1,"Gessner and Chauvet 1994 Ecology"
2762,"coarse","senesced","Fagus",42.8667,1.75,0.0036,4.05,"Gessner and Chauvet 1994 Ecology"
2763,"coarse","green","Quercus",42.8667,1.75,0.0042,7.1,"Gessner and Chauvet 1994 Ecology"
2766,"coarse","green","Alnus",51.1961,14.0586,0.0252,5,"Gessner et al 1991 Verh Int Ver Limnol"
2767,"coarse","senesced","Salix",51.1961,14.0586,0.0246,5,"Gessner et al 1991 Verh Int Ver Limnol"
2798,"coarse","senesced","Salix",69.0243,-147.718,0.0254571428571429,5.73809523809524,"Benstead and Huryn 2011 FWB"
2822,"coarse","senesced","Populus",41.7667,15.3,0.0198,12,"Dieter et al_2011_Aquat Sci"
2823,"coarse","senesced","Populus",52.35,14.1833,0.0218333333333333,3.9,"Dieter et al_2011_Aquat Sci"
2824,"coarse","senesced","Populus",41.7,-2.5667,0.0158333333333333,11.8,"Dieter et al_2011_Aquat Sci"
2825,"coarse","senesced","Populus",38.1333,-2.2167,0.00773333333333333,11.5,"Dieter et al_2011_Aquat Sci"
2826,"coarse","senesced","Populus",42.2,1.8167,0.0113,5.6,"Dieter et al_2011_Aquat Sci"
2837,"fine","senesced","Populus",41.7667,15.3,0.0151333333333333,12,"Dieter et al_2011_Aquat Sci"
2838,"fine","senesced","Populus",52.35,14.1833,0.0064,3.9,"Dieter et al_2011_Aquat Sci"
2839,"fine","senesced","Populus",41.7,-2.5667,0.0112333333333333,11.8,"Dieter et al_2011_Aquat Sci"
2840,"fine","senesced","Populus",38.1333,-2.2167,0.0078,11.5,"Dieter et al_2011_Aquat Sci"
2841,"fine","senesced","Populus",42.2,1.8167,0.0026,5.6,"Dieter et al_2011_Aquat Sci"
2852,"coarse","senesced","Acer",39.05,-78.9333,0.012225,5.6,"Griffith and Perry_1994_Hydrobiologia"
2856,"coarse","senesced","Quercus",39.05,-78.9333,0.0085,5.6,"Griffith and Perry_1994_Hydrobiologia"
2860,"coarse","senesced","Alnus",47,5,0.00261,7.19,"Datry et al_2011_Aquat Sci"
2872,"coarse","senesced","Alnus",41.5167,2.35,0.046,5.5,"Menendez et al_2011_Hydrobiologia"
2873,"coarse","senesced","Alnus",41.5333,2.2167,0.033,2.3,"Menendez et al_2011_Hydrobiologia"
2874,"coarse","senesced","Alnus",41.45,2.15,0.006,4.9,"Menendez et al_2011_Hydrobiologia"
2875,"coarse","senesced","Alnus",41.4833,2.2667,0.028,6.5,"Menendez et al_2011_Hydrobiologia"
2876,"coarse","senesced","Alnus",41.75,2.2667,0.008,5.1,"Menendez et al_2011_Hydrobiologia"
2877,"coarse","senesced","Alnus",52.1692,13.2089,0.0251666666666667,11.8166666666667,"Schlief and Munz_2011_IntlRevHydro"
2889,"coarse","senesced","Populus",47.2036,18.6217,0.0058,8,"Kovacs et al 2011 Polish J of Env Studies"
2890,"coarse","senesced","Quercus",47.2036,18.6217,0.0043,8.3,"Kovacs et al 2011 Polish J of Env Studies"
2891,"coarse","senesced","Populus",47.3897,17.835,0.0078,8.1,"Kovacs et al 2011 Polish J of Env Studies"
2892,"coarse","senesced","Quercus",47.3897,17.835,0.0077,8.1,"Kovacs et al 2011 Polish J of Env Studies"
2893,"coarse","senesced","Populus",47.1467,17.5789,0.0045,11.5,"Kovacs et al 2011 Polish J of Env Studies"
2894,"coarse","senesced","Salix",47.1467,17.5789,0.0062,11.5,"Kovacs et al 2011 Polish J of Env Studies"
2895,"coarse","senesced","Populus",47.1189,17.4233,0.0053,13.4,"Kovacs et al 2011 Polish J of Env Studies"
2896,"coarse","senesced","Salix",47.1189,17.4233,0.0055,13.4,"Kovacs et al 2011 Polish J of Env Studies"
2898,"coarse","senesced","Populus",47.1864,17.6883,0.0078,7.9,"Kovacs et al 2011 Polish J of Env Studies"
2899,"coarse","senesced","Populus",47.0997,17.4708,0.0109,8,"Kovacs et al 2011 Polish J of Env Studies"
2900,"coarse","senesced","Populus",47.1103,17.4358,0.0114,7.9,"Kovacs et al 2011 Polish J of Env Studies"
2901,"coarse","senesced","Salix",47.2036,18.6217,0.0065,7.7,"Kovacs et al 2011 Polish J of Env Studies"
2902,"coarse","senesced","Salix",47.1864,17.6883,0.0082,7.9,"Kovacs et al 2011 Polish J of Env Studies"
2903,"coarse","senesced","Salix",47.0997,17.4708,0.0111,8,"Kovacs et al 2011 Polish J of Env Studies"
2904,"coarse","senesced","Salix",47.1103,17.4358,0.0131,7.9,"Kovacs et al 2011 Polish J of Env Studies"
2905,"coarse","senesced","Fagus",43.5989,1.4511,0.0052,5.5,"Chauvet et al 1993 CJFAS"
2906,"coarse","senesced","Salix",43.5989,1.4511,0.0147,5.5,"Chauvet et al 1993 CJFAS"
2908,"coarse","senesced","Salix",42.8667,1.75,0.0094,1,"Chauvet et al 1993 CJFAS"
2909,"coarse","green","Alnus",54.1,10.25,0.157,11.9,"Baldy and Gessner 1997 C.R.Acad.Sci.Paris"
2910,"fine","green","Alnus",54.1,10.25,0.064,11.9,"Baldy and Gessner 1997 C.R.Acad.Sci.Paris"
2913,"coarse","senesced","Alnus",47.8,8.3167,0.0352,4.7,"Hieber and Gessner 2002 Ecology"
2914,"coarse","senesced","Salix",47.8,8.3167,0.027,4.7,"Hieber and Gessner 2002 Ecology"
2915,"coarse","senesced","Alnus",51.95,-7.9,0.0841,8.1,"Hladyz et al. 2009 Freshwater Biology"
2916,"coarse","senesced","Fraxinus",51.95,-7.9,0.0855,8.1,"Hladyz et al. 2009 Freshwater Biology"
2917,"coarse","senesced","Fagus",51.95,-7.9,0.0045,8.1,"Hladyz et al. 2009 Freshwater Biology"
2919,"coarse","senesced","Corylus",51.95,-7.9,0.0163,8.1,"Hladyz et al. 2009 Freshwater Biology"
2920,"coarse","senesced","Ilex",51.95,-7.9,0.0101,8.1,"Hladyz et al. 2009 Freshwater Biology"
2925,"coarse","senesced","Quercus",51.95,-7.9,0.0081,8.1,"Hladyz et al. 2009 Freshwater Biology"
2926,"coarse","senesced","Acer",51.95,-7.9,0.0194,8.1,"Hladyz et al. 2009 Freshwater Biology"
2929,"coarse","senesced","Rhododendron",51.95,-7.9,0.0021,8.1,"Hladyz et al. 2009 Freshwater Biology"
2930,"fine","senesced","Alnus",51.95,-7.9,0.0187,8.1,"Hladyz et al. 2009 Freshwater Biology"
2931,"fine","senesced","Fraxinus",51.95,-7.9,0.0206,8.1,"Hladyz et al. 2009 Freshwater Biology"
2932,"fine","senesced","Fagus",51.95,-7.9,9e-04,8.1,"Hladyz et al. 2009 Freshwater Biology"
2934,"fine","senesced","Corylus",51.95,-7.9,0.0094,8.1,"Hladyz et al. 2009 Freshwater Biology"
2935,"fine","senesced","Ilex",51.95,-7.9,0.009,8.1,"Hladyz et al. 2009 Freshwater Biology"
2940,"fine","senesced","Quercus",51.95,-7.9,0.0021,8.1,"Hladyz et al. 2009 Freshwater Biology"
2941,"fine","senesced","Acer",51.95,-7.9,0.00373333333333333,8.1,"Hladyz et al. 2009 Freshwater Biology"
2944,"fine","senesced","Rhododendron",51.95,-7.9,5e-04,8.1,"Hladyz et al. 2009 Freshwater Biology"
2945,"fine","senesced","Alnus",63.8,20.2,0.012025,1.4,"McKie et al. 2009 Oecologia"
2949,"fine","senesced","Larix",46.4911,9.8989,0.00284,1.76,"Robinson et al 2000 JNABS"
2954,"fine","senesced","Alnus",46.4911,9.8989,0.0062,4.8,"Robinson and Gessner 2000 Oecologia"
2955,"coarse","senesced","Alnus",46.4911,9.8989,0.02105,4.8,"Robinson and Gessner 2000 Oecologia"
2957,"coarse","senesced","Alnus",47.21,8.34,0.0477777777777778,7.67777777777778,"Woodward et al. 2012 Science"
2967,"coarse","senesced","Alnus",43.4,-3.27,0.06348,8,"Woodward et al. 2012 Science"
2977,"coarse","senesced","Alnus",44.16,1.68,0.13173,9.65,"Woodward et al. 2012 Science"
2987,"coarse","senesced","Alnus",53.3,-1.83,0.0536,5.47,"Woodward et al. 2012 Science"
2997,"coarse","senesced","Alnus",52.83,-9.08,0.06603,8.7,"Woodward et al. 2012 Science"
3007,"coarse","senesced","Alnus",64.1,20.27,0.00764444444444444,0.644444444444444,"Woodward et al. 2012 Science"
3017,"coarse","senesced","Alnus",49.6,20.16,0.01161,2.68,"Woodward et al. 2012 Science"
3027,"coarse","senesced","Alnus",40.3,-8.22,0.05658,11.41,"Woodward et al. 2012 Science"
3037,"coarse","senesced","Alnus",45.35,25.58,0.0445,4.8,"Woodward et al. 2012 Science"
3047,"coarse","senesced","Alnus",56.07,13.12,0.03445,3.96,"Woodward et al. 2012 Science"
3057,"fine","senesced","Alnus",47.21,8.34,0.01206,7.79,"Woodward et al. 2012 Science"
3067,"fine","senesced","Alnus",43.4,-3.27,0.01438,8,"Woodward et al. 2012 Science"
3077,"fine","senesced","Alnus",44.16,1.68,0.01798,9.65,"Woodward et al. 2012 Science"
3087,"fine","senesced","Alnus",53.3,-1.83,0.03012,5.47,"Woodward et al. 2012 Science"
3097,"fine","senesced","Alnus",52.83,-9.08,0.01433,8.7,"Woodward et al. 2012 Science"
3107,"fine","senesced","Alnus",64.1,20.27,0.00567,0.62,"Woodward et al. 2012 Science"
3117,"fine","senesced","Alnus",49.6,20.16,0.00575,2.68,"Woodward et al. 2012 Science"
3127,"fine","senesced","Alnus",40.3,-8.22,0.01503,11.41,"Woodward et al. 2012 Science"
3137,"fine","senesced","Alnus",45.35,25.58,0.02847,4.8,"Woodward et al. 2012 Science"
3147,"fine","senesced","Alnus",56.07,13.12,0.00876,3.96,"Woodward et al. 2012 Science"
3157,"coarse","senesced","Quercus",47.21,8.34,0.0183333333333333,7.37777777777778,"Woodward et al. 2012 Science"
3167,"coarse","senesced","Quercus",43.4,-3.27,0.0330333333333333,7.8,"Woodward et al. 2012 Science"
3177,"coarse","senesced","Quercus",44.16,1.68,0.0253375,8.0375,"Woodward et al. 2012 Science"
3187,"coarse","senesced","Quercus",53.3,-1.83,0.0146,5.45,"Woodward et al. 2012 Science"
3197,"coarse","senesced","Quercus",52.83,-9.08,0.02045,7.91,"Woodward et al. 2012 Science"
3207,"coarse","senesced","Quercus",64.1,20.27,0.00517,0.62,"Woodward et al. 2012 Science"
3217,"coarse","senesced","Quercus",49.6,20.16,0.00483,2.01,"Woodward et al. 2012 Science"
3227,"coarse","senesced","Quercus",40.3,-8.22,0.0200111111111111,10.2555555555556,"Woodward et al. 2012 Science"
3237,"coarse","senesced","Quercus",45.35,25.58,0.00613,3.17,"Woodward et al. 2012 Science"
3247,"coarse","senesced","Quercus",56.07,13.12,0.01168,2.44,"Woodward et al. 2012 Science"
3257,"fine","senesced","Quercus",47.21,8.34,0.00537777777777778,7.37777777777778,"Woodward et al. 2012 Science"
3267,"fine","senesced","Quercus",43.4,-3.27,0.0206,7.87,"Woodward et al. 2012 Science"
3277,"fine","senesced","Quercus",44.16,1.68,0.00546,7.94,"Woodward et al. 2012 Science"
3288,"fine","senesced","Quercus",53.3,-1.83,0.00748888888888889,5.42222222222222,"Woodward et al. 2012 Science"
3297,"fine","senesced","Quercus",52.83,-9.08,0.00522,7.91,"Woodward et al. 2012 Science"
3307,"fine","senesced","Quercus",64.1,20.27,0.00454,0.62,"Woodward et al. 2012 Science"
3317,"fine","senesced","Quercus",49.6,20.16,0.00243,2.01,"Woodward et al. 2012 Science"
3327,"fine","senesced","Quercus",40.3,-8.22,0.00894,10.3,"Woodward et al. 2012 Science"
3337,"fine","senesced","Quercus",45.35,25.58,0.004,3.17,"Woodward et al. 2012 Science"
3347,"fine","senesced","Quercus",56.07,13.12,0.00308,2.44,"Woodward et al. 2012 Science"
3357,"coarse","senesced","Ulmus",47.7975,8.3244,0.0262,2.3,"Schindler and Gessner 2009 Ecology"
3358,"coarse","senesced","Fraxinus",47.7975,8.3244,0.0172,2.3,"Schindler and Gessner 2009 Ecology"
3359,"coarse","senesced","Alnus",47.7975,8.3244,0.0104,2.3,"Schindler and Gessner 2009 Ecology"
3360,"coarse","senesced","Acer",47.7975,8.3244,0.0122,2.3,"Schindler and Gessner 2009 Ecology"
3361,"coarse","senesced","Salix",47.7975,8.3244,0.0108,2.3,"Schindler and Gessner 2009 Ecology"
3362,"coarse","senesced","Corylus",47.7975,8.3244,0.0076,2.3,"Schindler and Gessner 2009 Ecology"
3363,"coarse","senesced","Platanus",47.7975,8.3244,0.0076,2.3,"Schindler and Gessner 2009 Ecology"
3364,"coarse","senesced","Quercus",47.7975,8.3244,0.0052,2.3,"Schindler and Gessner 2009 Ecology"
3365,"coarse","senesced","Fagus",47.7975,8.3244,0.0037,2.3,"Schindler and Gessner 2009 Ecology"
3367,"fine","senesced","Ulmus",47.7975,8.3244,0.0104,2.3,"Schindler and Gessner 2009 Ecology"
3368,"fine","senesced","Fraxinus",47.7975,8.3244,0.0081,2.3,"Schindler and Gessner 2009 Ecology"
3369,"fine","senesced","Alnus",47.7975,8.3244,0.0039,2.3,"Schindler and Gessner 2009 Ecology"
3370,"fine","senesced","Acer",47.7975,8.3244,0.0085,2.3,"Schindler and Gessner 2009 Ecology"
3371,"fine","senesced","Salix",47.7975,8.3244,0.0054,2.3,"Schindler and Gessner 2009 Ecology"
3372,"fine","senesced","Corylus",47.7975,8.3244,0.0021,2.3,"Schindler and Gessner 2009 Ecology"
3373,"fine","senesced","Platanus",47.7975,8.3244,0.0025,2.3,"Schindler and Gessner 2009 Ecology"
3374,"fine","senesced","Quercus",47.7975,8.3244,0.0031,2.3,"Schindler and Gessner 2009 Ecology"
3375,"fine","senesced","Fagus",47.7975,8.3244,7e-04,2.3,"Schindler and Gessner 2009 Ecology"
3395,"coarse","senesced","Alnus",48.4725,2.7994,0.02175,6.3,"Bruder et al. 2011 Functional Ecology"
3403,"coarse","senesced","Quercus",48.4725,2.7994,0.00925,6.3,"Bruder et al. 2011 Functional Ecology"
3411,"coarse","senesced","Populus",45.9697,12.9053,0.0125,8.5,"Tiegs et al. 2007 JNABS"
3413,"fine","senesced","Populus",45.9697,12.9053,0.009,8.5,"Tiegs et al. 2007 JNABS"
3415,"coarse","senesced","Populus",47.0833,8.8,0.0814426470588235,3.92537313432836,"Tiegs et al. 2009 Oecologia"
3479,"fine","senesced","Populus",47.0833,8.8,0.0817058823529412,3.92537313432836,"Tiegs et al. 2009 Oecologia"
3551,"coarse","senesced","Platanus",36.8964,-2.1381,0.00285,14.2,"Casas & Gessner 1999 Freshwater Biology"
3552,"coarse","senesced","Populus",36.8964,-2.1381,0.0063,14.2,"Casas & Gessner 1999 Freshwater Biology"
3553,"coarse","senesced","Salix",36.8964,-2.1381,0.00545,14.2,"Casas & Gessner 1999 Freshwater Biology"
3559,"coarse","senesced","Alnus",46.4911,9.8992,0.011425,1.575,"Robinson et al. 1998 Freshw Biol, Gessner et al. 1998 J-NABS"
3563,"fine","senesced","Alnus",46.4911,9.8992,0.0033,1.575,"Robinson et al. 1998 Freshw Biol, Gessner et al. 1998 J-NABS"
3567,"coarse","senesced","Acer",35.9667,-83.7119,0.03594,11.72,"Griffiths et al. unpublished"
3572,"coarse","senesced","Liriodendron",35.9667,-83.7119,0.02592,11.72,"Griffiths et al. unpublished"
3577,"coarse","senesced","Quercus",35.9667,-83.7119,0.01234,11.72,"Griffiths et al. unpublished"
3582,"coarse","senesced","Nothofagus",-40.8667,-71,0.01055,9.3,"Buria et al. 2010. Hydrobiologia"
