Citation,Sci_name,Genus,Species,Family,Stream_name,perC,perN,perP,CtoN,CtoP,NtoP,How_ratios_were_determined,perLignin,perCellulose
Abelho et al. 2005. Biotropica,Hura crepitans,Hura,,Euphorbiaceae,Camuri,,1.4,0.2,,,13.5,Calculated,,
Adams & Angradi 1996,Acer rubrum,Acer,,,,,,0.9,45.8,,,Reported,19.9,
Adams & Angradi 1996,Liriodendron tulipifera,Liriodendron,,,,,1.5,0.1,,,33.5,Calculated,,
Adams & Angradi 1996,Prunus serotina,Prunus,,,,,1,0,,,52.6,Calculated,,
Alonso et al 2010,Ulmus procera,Ulmus,,,,42.8,1,,49,,,Calculated,4.8,
Ardon and Pringle 2008,Trema integerrima,Trema,,Ulmaceae,Sabalo,34.1,1.6,0.1,24.7,880.4,35.7,Calculated,5.6,12.3
Ardon and Pringle 2008,Ficus insipida,Ficus,,Moraceae,Sabalo,35,1.3,0.1,32.2,1131.2,35.2,Calculated,8.3,19.1
Ardon and Pringle 2008,Terminalia oblonga,Terminalia,,Combretaceae,Sabalo,39.2,1.4,0.1,33.6,844.3,25.1,Calculated,7,17.5
Ardon and Pringle 2008,Castilla elastica,Castilla,,Moraceae,Sabalo,40.4,2,0.2,23.2,652.9,28.1,Calculated,13.4,19.5
Ardon and Pringle 2008,Luehea seemanii,Luehea,,Malvaceae,Sabalo,44.2,1.3,0.1,40.6,1037.6,25.6,Calculated,16.3,19.9
Ardon and Pringle 2008,Zygia longifolia,Zygia,,Fabaceae,Sabalo,46.5,1.9,0.1,29,1999.9,69,Calculated,28.4,24.6
Ardon and Pringle 2008,Simira maxonii,Simira,,Rubiaceae,Sabalo,44.9,2.1,0.1,25.6,1054.7,41.3,Calculated,15.3,22.9
Ardon and Pringle 2008,Carapa guianensis,Carapa,,Meliaceae,Sabalo,41.7,0.9,0.1,53.5,1346.9,25.2,Calculated,18.3,18
Ardon et al 2006 Freshwater Biology,Trema integerrima,Trema,,Ulmaceae,Piper,34.1,1.4,0.1,29.5,1190.1,40.4,Calculated,1.3,11.5
Ardon et al 2006 Freshwater Biology,Castilla elastica,Castilla,,Moraceae,Piper,40.7,2.1,0.1,22.9,820.8,35.8,Calculated,7.6,16.6
Ardon et al 2006 Freshwater Biology,Zygia longifolia,Zygia,,Fabaceae,Piper,46.6,2.1,0.1,26.3,1695.5,64.6,Calculated,21.4,21.7
Ardon et al. 2009 JNABS,Cornus florida,Cornus,,Cornaceae,Catchment 53,44.9,0.8,0.2,65.5,720.4,11,Calculated,8.4,12.4
Ardon et al. 2009 JNABS,Liriodendron tulipifera,Liriodendron,,Magnoliaceae,Catchment 53,45.5,1.2,0.1,42.8,1237.3,28.9,Calculated,15.9,18.6
Ardon et al. 2009 JNABS,Liquidambar styraciflua,Liquidambar,,Hamamelidaceae,Catchment 53,44.4,0.6,0,89.3,16623.2,186.1,Calculated,14.9,13
Ardon et al. 2009 JNABS,Acer rubrum,Acer,,Sapindaceae,Catchment 53,47.6,0.4,0,135.4,3842.7,28.4,Calculated,16.5,14.8
Ardon et al. 2009 JNABS,Quercus robur,Quercus,,Fagaceae,Catchment 53,47.3,0.7,0,81.2,3394.2,41.8,Calculated,16.9,21.3
Ardon et al. 2009 JNABS,Rhododendron maximum,Rhododendron,,Ericaceae,Catchment 53,47.3,0.3,0,172.4,3818.5,22.1,Calculated,21.1,23.6
Ardon et al. 2009 JNABS,Pinus strobus,Pinus,,Pinaceae,Catchment 53,50.3,0.4,0,146.7,3169.3,21.6,Calculated,19.2,22.3
Au et al 1992 Can. J. Bot.,Bauhinia purpurea,Bauhinia,,Fabaceae,Lam Tsuen River,51.1,3.2,,18.7,,,Calculated,,
Au et al 1992 Can. J. Bot.,Bauhinia purpurea,Bauhinia,,Fabaceae,Lam Tsuen River,51,3.1,,19.3,,,Calculated,,
Belote & Jones 2008,Liriodendron tulipifera,Liriodendron,,,,47.9,,0.8,,160.7,,Calculated,,
Belote & Jones 2008,Quercus rubra,Quercus,,,,51.7,,0.7,,193.6,,Calculated,,
Benstead et al. 2009. JNABS,Terminalia carolinensis,Terminalia,,Combretaceae,Yela River-1,43.5,0.6,,79.4,,,Calculated,,
Boyero et al. 2017,Acer rubrum,Acer,rubrum,Aceraceae,,,0.27,0.02,,,29.9,Calculated,,
Boyero et al. 2017,Acer mono,Acer,mono,Aceraceae,,,0.49,0.06,,,18.1,Calculated,,
Boyero et al. 2017,Acer saccharum,Acer,saccharum,Aceraceae,,,0.46,0.02,,,50.9,Calculated,,
Boyero et al. 2017,Acer saccharinum,Acer,saccharinum,Aceraceae,,,0.69,0.07,,,21.8,Calculated,,
Boyero et al. 2017,Acer pseudoplatanus,Acer,pseudoplatanus,Aceraceae,,,0.59,0.06,,,21.8,Calculated,,
Boyero et al. 2017,Acer pseudoplatanus,Acer,pseudoplatanus,Aceraceae,,,1.63,0.19,,,19,Calculated,,
Boyero et al. 2017,Alchornea grandiflora,Alchornea,grandiflora,Euphorbiaceae,,,1.2,0.06,,,44.3,Calculated,,
Boyero et al. 2017,Alchornea grandiflora,Alchornea,grandiflora,Euphorbiaceae,,,1.17,0.09,,,28.8,Calculated,,
Boyero et al. 2017,Alchornea latifolia,Alchornea,latifolia,Euphorbiaceae,,,1.29,0.06,,,47.6,Calculated,,
Boyero et al. 2017,Alnus glutinosa,Alnus,glutinosa,Betulaceae,,,0.35,0.06,,,12.9,Calculated,,
Boyero et al. 2017,Alnus glutinosa,Alnus,glutinosa,Betulaceae,,,1.53,0.05,,,67.8,Calculated,,
Boyero et al. 2017,Alnus glutinosa,Alnus,glutinosa,Betulaceae,,,2.51,0.02,,,277.9,Calculated,,
Boyero et al. 2017,Alnus glutinosa,Alnus,glutinosa,Betulaceae,,,3.12,0.11,,,62.8,Calculated,,
Boyero et al. 2017,Alnus glutinosa,Alnus,glutinosa,Betulaceae,,,2.24,0.1,,,49.6,Calculated,,
Boyero et al. 2017,Alnus incana,Alnus,incana,Betulaceae,,,3.2,0.07,,,101.2,Calculated,,
Boyero et al. 2017,Apodytes brachystylis,Apodytes,brachystylis,Icacinaceae,,,1.53,0.08,,,42.3,Calculated,,
Boyero et al. 2017,Aporusa dioica,Aporusa,dioica,Phyllanthaceae,,,1.02,0.05,,,45.2,Calculated,,
Boyero et al. 2017,Ardisia brevipedata,Ardisia,brevipedata,Myrsinaceae,,,1.21,0.06,,,44.7,Calculated,,
Boyero et al. 2017,Aspidosperma discolor,Aspidosperma,discolor,Apocynaceae,,,0.39,0.01,,,86.4,Calculated,,
Boyero et al. 2017,Betula alleghaniensis,Betula,alleghaniensis,Betulaceae,,,0.91,0.1,,,20.2,Calculated,,
Boyero et al. 2017,Betula pubescens,Betula,pubescens,Betulaceae,,,1.36,0.1,,,30.1,Calculated,,
Boyero et al. 2017,Bischofia javanica,Bischofia,javanica,Phyllanthaceae,,,1.04,0.04,,,57.6,Calculated,,
Boyero et al. 2017,Byttneria aspera,Byttneria,aspera,Malvaceae,,,1.26,0.04,,,69.8,Calculated,,
Boyero et al. 2017,Cabralea canjerana,Cabralea,canjerana,Meliaceae,,,1.1,0.03,,,81.2,Calculated,,
Boyero et al. 2017,Canarium patentinervium,Canarium,patentinervium,Burseraceae,,,1.03,0.05,,,45.6,Calculated,,
Boyero et al. 2017,Carpinus cordata,Carpinus,cordata,Betulaceae,,,0.59,0.03,,,43.5,Calculated,,
Boyero et al. 2017,Carpinus betulus,Carpinus,betulus,Betulaceae,,,1.27,0.07,,,40.2,Calculated,,
Boyero et al. 2017,Carya ovata,Carya,ovata,Juglandaceae,,,1.07,0.11,,,21.5,Calculated,,
Boyero et al. 2017,Casearia sylvestris,Casearia,sylvestris,Salicaceae,,,1.02,0.04,,,56.5,Calculated,,
Boyero et al. 2017,Castanea sativa,Castanea,sativa,Fagaceae,,,0.84,0.05,,,37.2,Calculated,,
Boyero et al. 2017,Castanea sativa,Castanea,sativa,Fagaceae,,,0.99,0.07,,,31.3,Calculated,,
Boyero et al. 2017,Castilla elastica,Castilla,elastica,Moraceae,,,2.33,0.16,,,32.2,Calculated,,
Boyero et al. 2017,Cecropia obtusifolia,Cecropia,obtusifolia,Urticaceae,,,1.98,0.15,,,29.2,Calculated,,
Boyero et al. 2017,Cecropia schreberiana,Cecropia,schreberiana,Urticaceae,,,1.08,0.04,,,59.8,Calculated,,
Boyero et al. 2017,Cheilosa malayana,Cheilosa,malayana,Euphorbiaceae,,,1.34,0.05,,,59.3,Calculated,,
Boyero et al. 2017,Chionanthus axillaris,Chionanthus,axillaris,Oleaceae,,,1.5,0.05,,,66.4,Calculated,,
Boyero et al. 2017,Chusquea quila,Chusquea,quila,Poaceae,,,0.75,0.04,,,41.5,Calculated,,
Boyero et al. 2017,Chusquea culeou,Chusquea,culeou,Poaceae,,,0.27,0.03,,,19.9,Calculated,,
Boyero et al. 2017,Cinnamomum camphora,Cinnamomum,camphora,Lauraceae,,,0.77,0.04,,,42.6,Calculated,,
Boyero et al. 2017,Citharexylum montanum,Citharexylum,montanum,Verbenaceae,,,0.86,0.04,,,47.6,Calculated,,
Boyero et al. 2017,Clusia ducuoides,Clusia,ducuoides,Clusiaceae,,,1.02,0.05,,,45.2,Calculated,,
Boyero et al. 2017,Cornus amomum,Cornus,amomum,Cornaceae,,,1.52,0.07,,,48.1,Calculated,,
Boyero et al. 2017,Corylus sieboldiana,Corylus,sieboldiana,Betulaceae,,,1.31,0.05,,,58,Calculated,,
Boyero et al. 2017,Corylus avellana,Corylus,avellana,Betulaceae,,,0.9,0.02,,,99.6,Calculated,,
Boyero et al. 2017,Critoniopsis occidentalis,Critoniopsis,occidentalis,Asteraceae,,,2.55,0.11,,,51.3,Calculated,,
Boyero et al. 2017,Cupania latifolia,Cupania,latifolia,Sapindaceae,,,1.07,0.02,,,118.5,Calculated,,
Boyero et al. 2017,Dacryodes excelsa,Dacryodes,excelsa,Burseraceae,,,0.6,0.02,,,66.4,Calculated,,
Boyero et al. 2017,Dendropanax arboreus,Dendropanax,arboreus,Araliaceae,,,1.2,0.04,,,66.4,Calculated,,
Boyero et al. 2017,Dipterocarpus costulatus,Dipterocarpus,costulatus,Dipterocarpaceae,,,0.62,0.01,,,137.3,Calculated,,
Boyero et al. 2017,Dipterocarpus elongatus,Dipterocarpus,elongatus,Dipterocarpaceae,,,0.93,0.01,,,205.9,Calculated,,
Boyero et al. 2017,Embohtrium coccineum,Embohtrium,coccineum,Proteaceae_,,,0.16,0.02,,,17.7,Calculated,,
Boyero et al. 2017,Emmotum nitens,Emmotum,nitens,Icacinaceae,,,0.18,0.02,,,19.9,Calculated,,
Boyero et al. 2017,Erythrina edulis,Erythrina,edulis,Fabaceae,,,2.64,0.1,,,58.5,Calculated,,
Boyero et al. 2017,Eucalyptus globulus,Eucalyptus,globulus,Myrtaceae,,,0.64,0.03,,,47.2,Calculated,,
Boyero et al. 2017,Eucalyptus obliqua,Eucalyptus,obliqua,Myrtaceae,,,0.25,0.02,,,27.7,Calculated,,
Boyero et al. 2017,Fagaropsis angolensis,Fagaropsis,angolensis,Rutaceae,,,1.2,0.07,,,38,Calculated,,
Boyero et al. 2017,Fagus grandifolia,Fagus,grandifolia,Fagaceae,,,0.75,0.3,,,5.5,Calculated,,
Boyero et al. 2017,Fagus grandifolia,Fagus,grandifolia,Fagaceae,,,0.58,0.05,,,25.7,Calculated,,
Boyero et al. 2017,Fagus sylvatica,Fagus,sylvatica,Fagaceae,,,0.73,0.03,,,53.9,Calculated,,
Boyero et al. 2017,Fagus grandifolia,Fagus,grandifolia,Fagaceae,,,0.9,0.04,,,49.8,Calculated,,
Boyero et al. 2017,Fagus sylvatica,Fagus,sylvatica,Fagaceae,,,2.62,0.07,,,82.9,Calculated,,
Boyero et al. 2017,Fagus sylvatica,Fagus,sylvatica,Fagaceae,,,0.59,0.03,,,43.5,Calculated,,
Boyero et al. 2017,Ficus natalensis,Ficus,natalensis,Moraceae,,,1.52,0.1,,,33.7,Calculated,,
Boyero et al. 2017,Ficus sycomorus,Ficus,sycomorus,Moraceae,,,0.55,0.01,,,121.8,Calculated,,
Boyero et al. 2017,Ficus guianensis,Ficus,guianensis,Moraceae,,,1.1,0.07,,,34.8,Calculated,,
Boyero et al. 2017,Ficus dulciaria,Ficus,dulciaria,Moraceae,,,1.78,0.1,,,39.4,Calculated,,
Boyero et al. 2017,Ficus insipida,Ficus,insipida,Moraceae,,,1.23,0.04,,,68.1,Calculated,,
Boyero et al. 2017,Ficus tonduzii,Ficus,tonduzii,Moraceae,,,1.05,0.07,,,33.2,Calculated,,
Boyero et al. 2017,Ficus fistulosa,Ficus,fistulosa,Moraceae,,,0.8,0.04,,,44.3,Calculated,,
Boyero et al. 2017,Ficus hispida,Ficus,hispida,Moraceae,,,0.95,0.09,,,23.4,Calculated,,
Boyero et al. 2017,Ficus carica,Ficus,carica,Moraceae,,,0.86,0.03,,,63.5,Calculated,,
Boyero et al. 2017,Fraxinus angustifolia,Fraxinus,angustifolia,Oleaceae,,,0.32,0.03,,,23.6,Calculated,,
Boyero et al. 2017,Fraxinus pennsylvanica,Fraxinus,pennsylvanica,Oleaceae,,,1.62,0.08,,,44.8,Calculated,,
Boyero et al. 2017,Fraxinus excelsior,Fraxinus,excelsior,Oleaceae,,,2.35,0.1,,,52,Calculated,,
Boyero et al. 2017,Freycinetia excelsa,Freycinetia,excelsa,Pandanaceae,,,1.79,0.08,,,49.5,Calculated,,
Boyero et al. 2017,Gigantochloa scortechinii,Gigantochloa,scortechinii,Poaceae,,,0.75,0.01,,,166.1,Calculated,,
Boyero et al. 2017,Guarea guidonia,Guarea,guidonia,Meliaceae,,,3.84,0.02,,,425.1,Calculated,,
Boyero et al. 2017,Guettarda viburnoides,Guettarda,viburnoides,Rubiaceae,,,1.23,0.04,,,68.1,Calculated,,
Boyero et al. 2017,Hamamelis virginiana,Hamamelis,virginiana,Hamamelidaceae,,,0.37,0.03,,,27.3,Calculated,,
Boyero et al. 2017,Hedera helix,Hedera,helix,Araliaceae,,,0.75,0.05,,,33.2,Calculated,,
Boyero et al. 2017,Helicia nortoniana,Helicia,nortoniana,Proteaceae,,,0.79,0.13,,,13.5,Calculated,,
Boyero et al. 2017,Heliocarpus americanus,Heliocarpus,americanus,Malvaceae,,,1.31,0.05,,,58,Calculated,,
Boyero et al. 2017,Heteropterys anoptera,Heteropterys,anoptera,Malpighiaceae,,,0.32,0.01,,,70.9,Calculated,,
Boyero et al. 2017,Knema laurina,Knema,laurina,Myristicaceae,,,1.1,0.03,,,81.2,Calculated,,
Boyero et al. 2017,Koompassia malaccensis,Koompassia,malaccensis,Fabaceae,,,1.29,0.02,,,142.8,Calculated,,
Boyero et al. 2017,Leandra scabra,Leandra,scabra,Melastomataceae,,,0.41,0.02,,,45.4,Calculated,,
Boyero et al. 2017,Licania kunthiana,Licania,kunthiana,Chrysobalanaceae,,,0.45,0.03,,,33.2,Calculated,,
Boyero et al. 2017,Liquidambar formosana,Liquidambar,formosana,Altingiaceae,,,0.62,0.03,,,45.8,Calculated,,
Boyero et al. 2017,Liriodendron tulipifera,Liriodendron,tulipifera,Magnoliaceae,,,0.96,0.05,,,42.5,Calculated,,
Boyero et al. 2017,Liriodendron tulipifera,Liriodendron,tulipifera,Magnoliaceae,,,0.54,0.05,,,23.9,Calculated,,
Boyero et al. 2017,Litsea cubeba,Litsea,cubeba,Lauraceae,,,2.16,0.06,,,79.7,Calculated,,
Boyero et al. 2017,Lonchocarpus oliganthus,Lonchocarpus,oliganthus,Fabaceae,,,2.39,0.23,,,23,Calculated,,
Boyero et al. 2017,Luehea seemannii,Luehea,seemannii,Malvaceae,,,1.92,0.13,,,32.7,Calculated,,
Boyero et al. 2017,Macaranga tanarius,Macaranga,tanarius,Euphorbiaceae,,,0.95,0.03,,,70.1,Calculated,,
Boyero et al. 2017,Machilus pauhoi,Machilus,pauhoi,Lauraceae,,,0.34,0.02,,,37.6,Calculated,,
Boyero et al. 2017,Manilkara bidentata,Manilkara,bidentata,Sapotaceae,,,0.51,0.01,,,112.9,Calculated,,
Boyero et al. 2017,Meriania longifolia,Meriania,longifolia,Melastomataceae,,,1.07,0.01,,,236.9,Calculated,,
Boyero et al. 2017,Miconia caudata,Miconia,caudata,Melastomataceae,,,1.27,0.04,,,70.3,Calculated,,
Boyero et al. 2017,Miconia chartacea,Miconia,chartacea,Melastomataceae,,,0.46,0.02,,,50.9,Calculated,,
Boyero et al. 2017,Monocarpia marginalis,Monocarpia,marginalis,Annonaceae,,,2.65,0.02,,,293.4,Calculated,,
Boyero et al. 2017,Myrcia guianensis,Myrcia,guianensis,Myrtaceae,,,0.7,0.02,,,77.5,Calculated,,
Boyero et al. 2017,Neesia altissima,Neesia,altissima,Malvaceae,,,0.81,0.04,,,44.8,Calculated,,
Boyero et al. 2017,Nerium oleander,Nerium,oleander,Apocynaceae,,,0.37,0.02,,,41,Calculated,,
Boyero et al. 2017,Nothofagus dombeyi,Nothofagus,dombeyi,Nothofagaceae,,,1.08,0.02,,,119.6,Calculated,,
Boyero et al. 2017,Nothofagus obliqua,Nothofagus,obliqua,Nothofagaceae,,,0.97,0.03,,,71.6,Calculated,,
Boyero et al. 2017,Nothofagus dombeyi,Nothofagus,dombeyi,Nothofagaceae,,,0.25,0.02,,,27.7,Calculated,,
Boyero et al. 2017,Nothofagus pumilio,Nothofagus,pumilio,Nothofagaceae,,,0.26,0.01,,,57.6,Calculated,,
Boyero et al. 2017,Ocotea insularis,Ocotea,insularis,Lauraceae,,,2.2,0.11,,,44.3,Calculated,,
Boyero et al. 2017,Ocotea corymbosa,Ocotea,corymbosa,Lauraceae,,,0.69,0.05,,,30.6,Calculated,,
Boyero et al. 2017,Ocotea leucoxylon,Ocotea,leucoxylon,Lauraceae,,,0.44,0.04,,,24.4,Calculated,,
Boyero et al. 2017,Ormosia krugii,Ormosia,krugii,Fabaceae,,,1.86,0.02,,,205.9,Calculated,,
Boyero et al. 2017,Parartocarpus bracteatus,Parartocarpus,bracteatus,Moraceae,,,1.53,0.03,,,112.9,Calculated,,
Boyero et al. 2017,Perrottetia arborescens,Perrottetia,arborescens,Celastraceae,,,1.13,0.06,,,41.7,Calculated,,
Boyero et al. 2017,Peumus boldus,Peumus,boldus,Monimiaceae,,,0.82,0.12,,,15.1,Calculated,,
Boyero et al. 2017,Pollia macrophylla,Pollia,macrophylla,Commelinaceae,,,2.13,0.07,,,67.4,Calculated,,
Boyero et al. 2017,Pomaderris apetala,Pomaderris,apetala,Rhamnaceae,,,0.64,0.02,,,70.9,Calculated,,
Boyero et al. 2017,Populus nigra,Populus,nigra,Salicaceae,,,0.89,0.04,,,49.3,Calculated,,
Boyero et al. 2017,Populus grandidentata,Populus,grandidentata,Salicaceae,,,0.27,0.07,,,8.5,Calculated,,
Boyero et al. 2017,Prestoea acuminata,Prestoea,acuminata,Arecaceae,,,0.77,0.07,,,24.4,Calculated,,
Boyero et al. 2017,Protium heptaphyllum,Protium,heptaphyllum,Burseraceae,,,0.45,0.02,,,49.8,Calculated,,
Boyero et al. 2017,Protium spruceanum,Protium,spruceanum,Burseraceae,,,0.52,0.02,,,57.6,Calculated,,
Boyero et al. 2017,Protium brasiliense,Protium,brasiliense,Burseraceae,,,0.69,0.03,,,50.9,Calculated,,
Boyero et al. 2017,Protium heptaphyllum,Protium,heptaphyllum,Burseraceae,,,0.46,0.04,,,25.5,Calculated,,
Boyero et al. 2017,Prunus jamasakura,Prunus,jamasakura,Rosaceae,,,0.74,0.02,,,81.9,Calculated,,
Boyero et al. 2017,Psychotria nuda,Psychotria,nuda,Rubiaceae,,,0.73,0.03,,,53.9,Calculated,,
Boyero et al. 2017,Pterodon pulenscens,Pterodon,pulenscens,Fabaceae,,,1.73,0.03,,,127.7,Calculated,,
Boyero et al. 2017,Quercus coccinea,Quercus,coccinea,Fagaceae,,,1.26,0.06,,,46.5,Calculated,,
Boyero et al. 2017,Quercus prinus,Quercus,prinus,Fagaceae,,,0.44,0.02,,,48.7,Calculated,,
Boyero et al. 2017,Quercus serrata,Quercus,serrata,Fagaceae,,,0.58,0.05,,,25.7,Calculated,,
Boyero et al. 2017,Quercus prinus,Quercus,prinus,Fagaceae,,,0.39,0.07,,,12.3,Calculated,,
Boyero et al. 2017,Quercus robur,Quercus,robur,Fagaceae,,,0.54,0.04,,,29.9,Calculated,,
Boyero et al. 2017,Quercus rubra,Quercus,rubra,Fagaceae,,,0.3,0.06,,,11.1,Calculated,,
Boyero et al. 2017,Quercus robur,Quercus,robur,Fagaceae,,,0.77,0.05,,,34.1,Calculated,,
Boyero et al. 2017,Rhaphithamnus spinosus,Rhaphithamnus,spinosus,Verbenaceae,,,1.41,0.06,,,52,Calculated,,
Boyero et al. 2017,Rhododendron maximum,Rhododendron,maximum,Ericaceae,,,0.57,0.05,,,25.2,Calculated,,
Boyero et al. 2017,Ribes magellanicum,Ribes,magellanicum,Grossulariaceae,,,1.05,0.18,,,12.9,Calculated,,
Boyero et al. 2017,Richeria grandis,Richeria,grandis,Phyllanthaceae,,,0.38,0.01,,,84.1,Calculated,,
Boyero et al. 2017,Salix atrocinerea,Salix,atrocinerea,Salicaceae,,,0.79,0.04,,,43.7,Calculated,,
Boyero et al. 2017,Salix fragilis,Salix,fragilis,Salicaceae,,,0.52,0.08,,,14.4,Calculated,,
Boyero et al. 2017,Salix cinerea,Salix,cinerea,Salicaceae,,,0.61,0.07,,,19.3,Calculated,,
Boyero et al. 2017,Sambucus nigra,Sambucus,nigra,Adoxaceae,,,2.97,0.18,,,36.5,Calculated,,
Boyero et al. 2017,Sapium ellypticum,Sapium,ellypticum,Euphorbiaceae,,,1.23,0.06,,,45.4,Calculated,,
Boyero et al. 2017,Saurauia tomentosa,Saurauia,tomentosa,Actinidaceae,,,0.59,0.05,,,26.1,Calculated,,
Boyero et al. 2017,Schizostachyum dumetorum,Schizostachyum,dumetorum,Poaceae,,,0.6,0.01,,,132.9,Calculated,,
Boyero et al. 2017,Sebastiania brasiliensis,Sebastiania,brasiliensis,Euphorbiaceae,,,0.39,0.02,,,43.2,Calculated,,
Boyero et al. 2017,Simira maxonii,Simira,maxonii,Rubiaceae,,,1.94,0.13,,,33,Calculated,,
Boyero et al. 2017,Sloanea berteriana,Sloanea,berteriana,Elaeocarpaceae,,,1.08,0.03,,,79.7,Calculated,,
Boyero et al. 2017,Solanum grandiflorum,Solanum,grandiflorum,Solanaceae,,,2.57,0.13,,,43.8,Calculated,,
Boyero et al. 2017,Sorocea trophoides,Sorocea,trophoides,Moraceae,,,1.71,0.16,,,23.7,Calculated,,
Boyero et al. 2017,Swietenia macrophylla,Swietenia,macrophylla,Meliaceae,,,0.59,0.03,,,43.5,Calculated,,
Boyero et al. 2017,Symplocos cochinchinensis,Symplocos,cochinchinensis,Symplocaceae,,,1.56,0.06,,,57.6,Calculated,,
Boyero et al. 2017,Syzygium guineense,Syzygium,guineense,Myrtaceae,,,0.2,0.04,,,11.1,Calculated,,
Boyero et al. 2017,Syzygium johnsonii,Syzygium,johnsonii,Myrtaceae,,,0.76,0.03,,,56.1,Calculated,,
Boyero et al. 2017,Syzygium operculatum,Syzygium,operculatum,Myrtaceae,,,0.76,0.05,,,33.7,Calculated,,
Boyero et al. 2017,Tabernaemontana stapfiana,Tabernaemontana,stapfiana,Apocynaceae,,,1.85,0.11,,,37.2,Calculated,,
Boyero et al. 2017,Tachigali subvelutina,Tachigali,subvelutina,Fabaceae,,,0.73,0.03,,,53.9,Calculated,,
Boyero et al. 2017,Terminalia oblonga,Terminalia,oblonga,Combretaceae,,,1.72,0.07,,,54.4,Calculated,,
Boyero et al. 2017,Tibouchina lepidota,Tibouchina,lepidota,Melastomataceae,,,0.68,0.04,,,37.6,Calculated,,
Boyero et al. 2017,Tilia americana,Tilia,americana,Malvaceae,,,0.89,0.11,,,17.9,Calculated,,
Boyero et al. 2017,Tilia americana,Tilia,americana,Malvaceae,,,1.51,0.18,,,18.6,Calculated,,
Boyero et al. 2017,Turraea abyssinica,Turraea,abyssinica,Meliaceae,,,1.36,0.04,,,75.3,Calculated,,
Boyero et al. 2017,Turraea holstii,Turraea,holstii,Meliaceae,,,0.59,0.06,,,21.8,Calculated,,
Boyero et al. 2017,Virola koschnyi,Virola,koschnyi,Myristicaceae,,,1.38,0.07,,,43.7,Calculated,,
Boyero et al. 2017,Vismia tomentosa,Vismia,tomentosa,Hypericaceae,,,0.85,0.04,,,47.1,Calculated,,
Boyero et al. 2017,Vitex keniensis,Vitex,keniensis,Lamiaceae,,,1.18,0.01,,,261.3,Calculated,,
Boyero et al. 2017,Wilkiea pubescens,Wilkiea,pubescens,Monimiaceae,,,2.07,0.07,,,65.5,Calculated,,
Boyero et al. 2017,Zanthoxylum gilletii,Zanthoxylum,gilletii,Rutaceae,,,0.85,0.06,,,31.4,Calculated,,
Boyero et al. 2017,Zygia longifolia,Zygia,longifolia,Fabaceae,,,2.12,0.05,,,93.9,Calculated,,
Bunn 1998. Hydrobiologia,Eucalyptus marginata,Eucalyptus,,Myrtaceae,Foster Brook,,0.5,,,,,,,
Campbell&Fuchshuber_JNABS_1995,Eucalyptus nitens,Eucalyptus,,Myrtaceae,Rooty Break Creek,,,,,,,,,
Campbell&Fuchshuber_JNABS_1995,Eucalyptus viminalis,Eucalyptus,,Myrtaceae,Rooty Break Creek,,,,,,,,,
Campbell&Fuchshuber_JNABS_1995,Eucalyptus marginata,Eucalyptus,,Myrtaceae,Rooty Break Creek,,,,,,,,,
Campbell&Fuchshuber_JNABS_1995,Eucalyptus regnans,Eucalyptus,,Myrtaceae,Rooty Break Creek,,,,,,,,,
Campbell&Fuchshuber_JNABS_1995,Eucalyptus camaldulensis,Eucalyptus,,Myrtaceae,Rooty Break Creek,,,,,,,,,
Campbell&Fuchshuber_JNABS_1995,Eucalyptus globulus,Eucalyptus,,Myrtaceae,Rooty Break Creek,,,,,,,,,
Campbell&Fuchshuber_JNABS_1995,Eucalyptus crebra,Eucalyptus,,Myrtaceae,Rooty Break Creek,,,,,,,,,
Campbell&Fuchshuber_JNABS_1995,Corymbia polycarpa,Corymbia,,Myrtaceae,Rooty Break Creek,,,,,,,,,
Campbell&Fuchshuber_JNABS_1995,Eucalyptus platyphylla,Eucalyptus,,Myrtaceae,Rooty Break Creek,,,,,,,,,
Campbell&Fuchshuber_JNABS_1995,Eucalyptus platyphylla,Eucalyptus,,Myrtaceae,Rooty Break Creek,,,,,,,,,
Campbell&Fuchshuber_JNABS_1995,Eucalyptus torelliana,Eucalyptus,,Myrtaceae,Rooty Break Creek,,,,,,,,,
Campbell&Fuchshuber_JNABS_1995,Eucalyptus hylandii var. campestris,Eucalyptus,,Myrtaceae,Rooty Break Creek,,,,,,,,,
Campbell&Fuchshuber_JNABS_1995,Atherosperma moschatum,Atherosperma,,Atherospermataceae,Rooty Break Creek,,,,,,,,,
Campbell&Fuchshuber_JNABS_1995,Telopea oreades,Telopea,,Proteaceae,Rooty Break Creek,,,,,,,,,
Campbell&Fuchshuber_JNABS_1995,Elaeocarpus holopetalus,Elaeocarpus,,Elaeocarpaceae,Rooty Break Creek,,,,,,,,,
Campbell&Fuchshuber_JNABS_1995,Acacia melanoxylon,Acacia,,Fabaceae,Rooty Break Creek,,,,,,,,,
Campbell&Fuchshuber_JNABS_1995,Cryptocarpa hypoglauca,Cryptocarpa,,Lauraceae,Rooty Break Creek,,,,,,,,,
Campbell&Fuchshuber_JNABS_1995,Melaleuca leucodendron,Melaleuca,,Myrtaceae,Rooty Break Creek,,,,,,,,,
Campbell&Fuchshuber_JNABS_1995,Apodytes brachystylus,Apodytes,,Icacinaceae,Rooty Break Creek,,,,,,,,,
Campbell&Fuchshuber_JNABS_1995,Marattia salicina,Marattia,,Marattiaceae,Rooty Break Creek,,,,,,,,,
Campbelletal_FW-Bio_1992,Eucalyptus viminalis,Eucalyptus,,Myrtaceae,Keppel Creek,,1.7,0.1,,,34.2,Calculated,27,36
Campbelletal_FW-Bio_1992,Eucalyptus viminalis,Eucalyptus,,Myrtaceae,Keppel Creek,,0.7,0,,,51.7,Calculated,,
Campbelletal_FW-Bio_1992,Pomaderris aspera,Pomaderris,,Rhamnaceae,Keppel Creek,,1.6,0.1,,,44.3,Calculated,24,44
Campbelletal_FW-Bio_1992,Pomaderris aspera,Pomaderris,,Rhamnaceae,Keppel Creek,,0.7,0,,,77.5,Calculated,,
Campbelletal_FW-Bio_1992,Acacia melanoxylon,Acacia,,Fabaceae,Keppel Creek,,2.2,0.1,,,60.9,Calculated,30,49
Campbelletal_FW-Bio_1992,Acacia melanoxylon,Acacia,,Fabaceae,Keppel Creek,,1.8,0.1,,,79.7,Calculated,,
Chadwick and Huryn 2003 JNABS,Acer rubrum,Acer,,Sapindaceae,Bear Brook (EBB ref),,,,88,,,Reported,20.6,
Chadwick and Huryn 2003 JNABS,Acer saccharum,Acer,,Sapindaceae,Bear Brook (EBB ref),,,,85,,,Reported,19.2,
Chadwick and Huryn 2003 JNABS,Fagus grandifolia,Fagus,,Fagaceae,Bear Brook (EBB ref),,,,58,,,Reported,24.3,
Chauvet et al 1993 CJFAS,Fagus silvatica,Fagus,,Fagaceae,Garonne River,49.1,1.1,,53,,,Calculated,29.9,
Chauvetetal_Can-J-Fish-Aq-Sci_1993,Fagus sylvatica,Fagus,,Fagaceae,Touyre,49.1,1.1,,53,,,Calculated,29.9,
Chauvetetal_Can-J-Fish-Aq-Sci_1993,Salix alba,Salix,,Salicaceae,Touyre,41.7,1.6,,29.7,,,Calculated,20,
Chergui and Pattee 1991 Acta Oecologia,Nerium oleander,Nerium,,Apocynaceae,Moulouva,,1,0.1,,,30,Calculated,,
Chergui and Pattee 1991 Acta Oecologia,Salix sp,Salix,,Salicaceae,Moulouva,,1.3,0.1,,,38,Calculated,,
Clapcott&Bunn_FW-Biol_2003,Urochloa mutica,Urochloa,,Poaceae,Bundaroo Creek,,2.3,,,,,,,
Clapcott&Bunn_FW-Biol_2003,Saccharum sp.,Saccharum,,Poaceae,Bundaroo Creek,,1,,,,,,,
Clapcott&Bunn_FW-Biol_2003,Eucalyptus grandis,Eucalyptus,,Myrtaceae,Bundaroo Creek,,0.9,,,,,,,
Cobb et al 2006,Tsuga canadensis,Tsuga,,,,49.9,1.1,,51,,,Calculated,14.1,
Cornutetal_FW-Bio_2010,Alnus glutinosa,Alnus,,Betulaceae,Alzeau,,2.1,,,,,,,
Cuffney&Wallace_Arch-Hydrobiol_1987,Liquidambar styraciflua,Liquidambar,,Hamamelidaceae,Black Creek riffle,,0.4,,,,,,,
Cuffney&Wallace_Arch-Hydrobiol_1987,Quercus nigra,Quercus,,Fagaceae,Ogeechee River backwater,,0.7,,,,,,,
Davis and Winterbourn 1977 Oikos,Nothofagus solandri,Nothofagus,,Nothofagaceae,Middle Bush,44.2,,,,,,,,
Diaz Villaneuva et al 2011 Hydrobiologia,Alnus glutinosa,Alnus,,,,,,,27.6,1392.8,51.8,Reported,,
Diaz Villaneuva et al 2011 Hydrobiologia,Eucalyptus globulus,Eucalyptus,,,,,,,52,1923.9,38.2,Reported,,
Diaz Villaneuva et al 2011 Hydrobiologia,Quercus robur,Quercus,,,,,,,47.5,2044,47,Reported,,
Dudgeon and Gao 2010 Marine and FW Research,Liquidambar formosana,Liquidambar,,Hamamelidaceae,Tai Po Kau Forest Stream,,1.1,,,,,,,
Dudgeon and Gao 2010 Marine and FW Research,Ficus fistulosa,Ficus,,Moraceae,Tai Po Kau Forest Stream,,1.9,,,,,,,
Dudgeon and Gao 2010 Marine and FW Research,Castanopsis fissa,Castanopsis,,Fagaceae,Tai Po Kau Forest Stream,,1.1,,,,,,,
Dudgeon and Gao 2010 Marine and FW Research,Pandanus furcatus,Pandanus,,Pandanaceae,Tai Po Kau Forest Stream,,1.1,,,,,,,
Dudgeon and Gao 2011 FAL,Ficus fistulosa,Ficus,,Moraceae,Tai Po Kau,36.2,1.6,,26.4,,,Calculated,,
Dudgeon and Gao 2011 FAL,Castanopsis fissa,Castanopsis,,Fagaceae,Tai Po Kau,49.8,1.2,,48.4,,,Calculated,,
Dudgeon and Gao 2011 FAL,Liquidambar formosana,Liquidambar,,Hamamelidaceae,Tai Po Kau,42.4,1.1,,44.9,,,Calculated,,
Dudgeon and Gao 2011 FAL,Alnus glutinosa,Alnus,,Betulaceae,Tai Po Kau,48.4,2.6,,21.7,,,Calculated,,
Elwood et al 1981 Ecology,Quercus rubra,Quercus,,Fagaceae,Walker Branch,,0.7,0,,,75.9,Calculated,,
Encalada et al 2010 Freshwater Biology,Alnus acuminata,Alnus,,Betulaceae,Alambi River tributaries,,2,,,,,,35,
Encalada et al 2010 Freshwater Biology,Inga spectabilis,Inga,,Fabaceae,Alambi River tributaries,,1.8,,,,,,45,
Fernandez et al 1990,Picea abies,Picea,,,,,1,0.1,,,17.7,Calculated,,
Ferreira et al 2006b Archiv fur Hydrobiologie,Alnus glutinosa,Alnus,,Betulaceae,unnamed stream in Portugal,,2.8,0.9,,,7,Calculated,,
Ferreira et al 2006b Archiv fur Hydrobiologie,Quercus robur,Quercus,,Fagaceae,unnamed stream in Portugal,,1,0.1,,,20.1,Calculated,,
Ferreira et al 2006b Archiv fur Hydrobiologie,Alnus glutinosa,Alnus,,Betulaceae,unnamed stream in Spain,,2.5,0.8,,,6.8,Calculated,,
Ferreira et al 2006b Archiv fur Hydrobiologie,Quercus robur,Quercus,,Fagaceae,unnamed stream in Spain,,0.9,0,,,104.9,Calculated,,
Fleituch and Leichtfried 2004 Int'l Rev. Hydro.,Fraxinus excelsior,Fraxinus,,Oleaceae,Brzezowka,26.8,0.8,,39.8,,,Reported,,
Fleituch and Leichtfried 2007 Int'l Rev. Hydro.,Alnus glutinosa,Alnus,,Betulaceae,Goscibia,50,3,,19.4,,,Reported,,
Follstad Shah and Dahm 2008 Ecological Applications,Populus deltoides ssp. wislizeni,Populus,,,Rio Grande,44,0.4,,125.2,,,Reported,,
Follstad Shah and Dahm 2008 Ecological Applications,Populus deltoides ssp. wislizeni,Populus,,,Rio Grande,45.7,0.3,,190.4,,,Reported,,
Follstad Shah and Dahm 2008 Ecological Applications,Populus deltoides ssp. Wislizeni,Populus,,,Rio Grande,42.4,0.4,0,117.6,3620,29.3,Reported,,
Follstad Shah and Dahm 2008 Ecological Applications,Populus deltoides ssp. wislizeni,Populus,,,Rio Grande,43.9,0.5,,106.8,,,Reported,,
Follstad Shah and Dahm 2008 Ecological Applications,Populus deltoides ssp. wislizeni,Populus,,,Rio Grande,45.6,0.5,,102.4,,,Reported,,
Follstad Shah and Dahm 2008 Ecological Applications,Populus deltoides ssp. wislizeni,Populus,,,Rio Grande,42.6,0.6,0,78.9,2943,29.4,Reported,,
Follstad Shah and Dahm 2008 Ecological Applications,Tamarix sp.,Tamarix,,,Rio Grande,44.7,0.7,0,77.8,2468,30.9,Reported,,
Follstad Shah and Dahm 2008 Ecological Applications,Tamarix sp.,Tamarix,,,Rio Grande,44.9,0.7,0,80.6,2724,31,Reported,,
Follstad Shah et al 2010 Ecosystems,Elaeagnus angustifolia,Elaeagnus,,,,46.3,2.2,,25.1,,,Reported,,
Gama et al. 2007 International Review of Hydrobiology,Eucalyptus globulus,Eucalyptus,,Myrtaceae,Ribeira do Botao,,1.4,0.1,,,26.6,Calculated,13.4,
Gessner 1991 Freshwater Biology,Alnus glutinosa,Alnus,,Betulaceae,Touyre,,2.7,0.2,,,36.7,Calculated,9.4,13.1
Gessner 1991 Freshwater Biology,Alnus glutinosa,Alnus,,Betulaceae,Touyre,,2.7,0.2,,,38.1,Calculated,13.9,15
Gessner and Chauvet 1994 Ecology,Fraxinus excelsior,Fraxinus,,Oleaceae,Touyre,,1.1,0.1,,,33.4,Calculated,6.8,
Gessner and Chauvet 1994 Ecology,Prunus avium,Prunus,,Rosaceae,Touyre,,0.5,0,,,24,Calculated,8.4,
Gessner and Chauvet 1994 Ecology,Alnus glutinosa,Alnus,,Betulaceae,Touyre,,2.6,0.1,,,60.1,Calculated,8,
Gessner and Chauvet 1994 Ecology,Corlyus avellana,Corylus,,Betulaceae,Touyre,,1.1,0.1,,,32.3,Calculated,13.3,
Gessner and Chauvet 1994 Ecology,Platanus x acerifolia,Platanus,,Platanaceae,Touyre,,0.5,0,,,67.7,Calculated,30.9,
Gessner and Chauvet 1994 Ecology,Fagus sylvatica,Fagus,,Fagaceae,Touyre,,0.7,0,,,47.1,Calculated,25.5,
Gessner and Chauvet 1994 Ecology,Quercus ilex,Quercus,,Fagaceae,Touyre,,1.6,0,,,73.5,Calculated,18.5,
Gessner et al 1991 Verh Int Ver Limnol,Alnus glutinosa,Alnus,,Betulaceae,Steina,51.4,2.6,0.1,23.1,1106.5,48,Calculated,,
Gessner et al 1991 Verh Int Ver Limnol,Salix fragilis,Salix,,Salicaceae,Steina,51.4,1.2,0.1,50,1327.8,26.6,Calculated,,
Gillon et al 1999,Alnus glutinosa,Alnus,,,,54.1,2.8,,22.7,,,Calculated,30,15.2
Gillon et al 1999,Castanea sativa,Catanea,,,,54.7,0.9,,75.1,,,Calculated,12.1,17.6
Gillon et al 1999,Eucalyptus camaldulensis,Eucalyptus,,,,54.6,0.5,,120.2,,,Calculated,17.2,14.7
Gillon et al 1999,Fagus sylvatica,Fagus,,,,53.8,1,,66.1,,,Calculated,27,23.8
Gillon et al 1999,Larix decidua,Larix,,,,55.4,0.4,,161.6,,,Calculated,21,21.4
Gillon et al 1999,Pinus pinaster,Pinus,,,,56.6,0.4,,188.7,,,Calculated,22.1,28.1
Gillon et al 1999,Platanus orientalis,Platanus,,,,53.6,0.6,,102.5,,,Calculated,28.6,18.9
Gillon et al 1999,Populus alba,Populus,,,,52.9,0.9,,69.3,,,Calculated,21.5,14.5
Gillon et al 1999,Populus nigra,Populus,,,,50.7,0.8,,78.9,,,Calculated,20.4,8.8
Gillon et al 1999,Quercus ilex,Quercus,,,,54.6,0.7,,87.3,,,Calculated,16.2,21.2
Gillon et al 1999,Ulmus procera,Ulmus,,,,48.5,1,,56,,,Calculated,9.1,7.4
Gomez & Day 1982,Acer rubrum,Acer,,,,,1.1,0.1,,,36.6,Calculated,16.5,
Gomez & Day 1982,Nyssa sylvatica,Nyssa,,,,,1.2,0.1,,,42.4,Calculated,,
Goncalves et al. 2007 Freshwater Biology,Protium brasiliense,Protium,,Burseraceae,Sao Joao,,2.3,0.1,,,85.3,Calculated,26.3,
Griffiths et al. 2009 Ecological Applications,Zea mays,Zea,,Poaceae,1C,45.3,1.6,,33,,,Calculated,4.5,
Griffiths et al. 2009 Ecological Applications,Zea mays,Zea,,Poaceae,1C,47.5,1.7,,32.6,,,Calculated,4.8,
Griffiths et al. 2009 Ecological Applications,Zea mays,Zea,,Poaceae,1E,47.5,1.9,,29.2,,,Calculated,6.3,
Griffiths et al. 2009 Ecological Applications,Zea mays,Zea,,Poaceae,1E,44.2,1.1,,46.9,,,Calculated,5.7,
Griffiths et al. 2009 Ecological Applications,Zea mays,Zea,,Poaceae,1F,46,2,,26.8,,,Calculated,5.1,
Griffiths et al. 2009 Ecological Applications,Zea mays,Zea,,Poaceae,1F,44.9,1.4,,37.4,,,Calculated,5.1,
Griffiths et al. 2012 Freshwater Science ,Zea mays,Zea,,Poaceae,Creel Creek,41.2,2.3,,20.9,,,Calculated,4.9,
Griffiths et al. 2012 Freshwater Science ,Leersia oryzoides,Leersia,,Poaceae,Creel Creek,37,1,,42.5,,,Calculated,5.2,
Griffiths et al. 2012 Freshwater Science ,Phalaris arundinacea,Phalaris,,Poaceae,Creel Creek,41.1,1.3,,37.2,,,Calculated,9.1,
Gulis & Suberkropp 2003 FWB,Acer rubrum,Acer,,Sapindaceae,catchment 54,,0.5,,,,,,,
Gulis & Suberkropp 2003 FWB,Rhododendron maximum,Rhododendron,,Ericaceae,catchment 54,,0.4,,,,,,,
Gulis et al. 2006 Freshwater Biology,Alnus glutinosa,Alnus,,Betulaceae,Candal 1 (C1),,2.8,0.1,,,105.5,Calculated,,
Gulis et al. 2006 Freshwater Biology,Quercus sp.,Quercus,,Fagaceae,Candal 1 (C1),,1.1,,,,,,,
Hicks and Laboyrie 1999 NZ Journal of Marine and Freshwater Research,Melicytus ramiflorus,Melicytus,,Violaceae,Mangaotama,39.6,1.7,,26.6,,,Calculated,,
Hicks and Laboyrie 1999 NZ Journal of Marine and Freshwater Research,Betula pendula,Betula,,Betulaceae,Mangaotama,45.9,1,,54.6,,,Calculated,,
Hicks and Laboyrie 1999 NZ Journal of Marine and Freshwater Research,Alnus glutinosa,Alnus,,Betulaceae,Mangaotama,47.5,2.3,,23.7,,,Calculated,,
Hicks and Laboyrie 1999 NZ Journal of Marine and Freshwater Research,Dacrycarpus dacrydioides,Dacrycarpus,,Podocarpaceae,Mangaotama,44.3,0.7,,77.1,,,Calculated,,
Hicks and Laboyrie 1999 NZ Journal of Marine and Freshwater Research,Nothofagus menziesii,Nothofagus,,Nothofagaceae,Mangaotama,49.3,1.4,,41.7,,,Calculated,,
Hicks and Laboyrie 1999 NZ Journal of Marine and Freshwater Research,Knightia excelsa,Knightia,,Proteaceae,Mangaotama,45.3,0.5,,103.6,,,Calculated,,
Hicks and Laboyrie 1999 NZ Journal of Marine and Freshwater Research,Beilschmiedia tawa,Beilschmiedia,,Lauraceae,Mangaotama,43.3,1.2,,42.5,,,Calculated,,
Hladyz et al. 2009 Freshwater Biology,Alnus glutinosa,Alnus,,Betulaceae,unnamed,,,,14.3,884.4,61.8,Reported,14,17.7
Hladyz et al. 2009 Freshwater Biology,Fraxinus excelsior,Fraxinus,,Oleaceae,unnamed,,,,41.8,273.3,6.5,Reported,11.3,27.8
Hladyz et al. 2009 Freshwater Biology,Fagus sylvatica,Fagus,,Fagaceae,unnamed,,,,55.3,2684.5,48.6,Reported,27.9,36.2
Hladyz et al. 2009 Freshwater Biology,Buddleja davidii,Buddleja,,Buddlejaceae,unnamed,,,,19.2,336.8,17.6,Reported,8.7,16.8
Hladyz et al. 2009 Freshwater Biology,Corylus avellana,Corylus,,Betulaceae,unnamed,,,,39.4,1136.7,28.9,Reported,23.3,21.2
Hladyz et al. 2009 Freshwater Biology,Ilex aquifolium,Ilex,,Aquifoliaceae,unnamed,,,,112.7,1983.5,17.6,Reported,12.8,21.8
Hladyz et al. 2009 Freshwater Biology,Aesculus hippocastanum,Aesculus,,Hippocastanaceae,unnamed,,,,53.4,1749.8,32.7,Reported,29.4,29.3
Hladyz et al. 2009 Freshwater Biology,Hedera helix,Hedera,,Araliaceae,unnamed,,,,26.6,504.2,19,Reported,13.5,18.5
Hladyz et al. 2009 Freshwater Biology,Prunus laurocerasus,Prunus,,Rosaceae,unnamed,,,,81.8,1738.6,21.3,Reported,32.5,29
Hladyz et al. 2009 Freshwater Biology,Tilia cordata x europaea,Tilia,,Tiliaceae,unnamed,,,,42.5,518.5,12.5,Reported,16.6,24.2
Hladyz et al. 2009 Freshwater Biology,Quercus robur,Quercus,,Fagaceae,unnamed,,,,25.5,1121.8,44,Reported,40.5,31.1
Hladyz et al. 2009 Freshwater Biology,Acer pseudoplatanus,Acer,,Sapindaceae,unnamed,,,,30.1,1282.1,42.9,Reported,32.3,22
Hladyz et al. 2009 Freshwater Biology,Acer pseudoplatanus,Acer,,Sapindaceae,unnamed,,,,33.6,1320.5,39.3,Reported,18.8,23.8
Hladyz et al. 2009 Freshwater Biology,Acer pseudoplatanus,Acer,,Sapindaceae,unnamed,,,,40.2,675,16.8,Reported,15.7,22.6
Hladyz et al. 2009 Freshwater Biology,Rhododendron ponticum,Rhododendron,,Ericaceae,unnamed,,,,71.8,7189,100.2,Reported,42.3,40.6
Hobbie et al 2006,Acer platanoides,Acer,,,,44.8,0.7,0.1,80.4,896.9,11.2,Calculated,12.6,18
Hobbie et al 2006,Betula pendula,Betula,,,,48.5,1.3,0.2,44.9,778.4,17.3,Calculated,40.9,18.7
Hobbie et al 2006,Fagus sylvatica,Fagus,,,,47,0.8,0.1,65.2,860.3,13.2,Calculated,24.6,23.2
Hobbie et al 2006,Larix decidua,Larix,,,,56.5,0.9,0.1,75.7,1049.4,13.9,Calculated,31.7,22.2
Hobbie et al 2006,Picea abies,Picea,,,,48.8,1,0.1,57.5,1146.2,19.9,Calculated,21.4,23.1
Hobbie et al 2006,Pinus sylvestris,Pinus,,,,55.7,0.7,0.1,95.6,2320.5,24.3,Calculated,17.7,29.9
Hobbie et al 2006,Quercus robur,Quercus,,,,47.9,1.3,0.2,44,727.6,16.5,Calculated,23.4,22.2
Hobbie et al 2006,Quercus rubra,Quercus,,,,48.8,0.7,0.1,80.2,913.1,11.4,Calculated,19.8,23.2
Hoorens et al 2003,Alnus glutinosa,Alnus,,,,51.7,2.5,0.1,23.9,1855,77.5,Calculated,,
Hoorens et al 2003,Betula pendula,Betula,,,,52.4,1.4,0.1,43.3,2113.5,48.8,Calculated,,
Hoorens et al 2003,Fagus sylvatica,Fagus,,,,50.7,0.8,0.1,73.1,2427.4,33.2,Calculated,,
Hoorens et al 2003,Picea abies,Picea,,,,50.1,1.9,0.1,30.3,2022.7,66.8,Calculated,,
Hoorens et al 2003,Pinus sylvestris,Pinus,,,,50.4,0.8,0,74.4,3098.8,41.6,Calculated,,
Hoorens et al 2003,Prunus serotina,Prunus,,,,49,0.7,0,81.7,4366.7,53.4,Calculated,,
Hoorens et al 2003,Quercus robur,Quercus,,,,52,1.3,0.1,46,2686.2,58.5,Calculated,,
Hoorens et al 2003,Quercus rubra,Quercus,,,,51.1,0.8,0,74.5,2999.6,40.3,Calculated,,
Hoorens et al 2003,Tsuga heterophylla,Tsuga,,,,52.6,1.9,0.1,32.2,2666.4,82.9,Calculated,,
Kennedy and Hobbie 2004 Freshwater Biology,Tamarix sp.,Tamarix,,Tamaricaceae,Jackrabbit Spring,43.7,0.6,,92.7,,,Calculated,4.3,
Kennedy and Hobbie 2004 Freshwater Biology,Fraxinus velutina,Fraxinus,,Oleaceae,Jackrabbit Spring,45.2,0.3,,181.8,,,Calculated,4.1,
Kennedy and Hobbie 2004 Freshwater Biology,Schoenoplectus americanus Keller,Schoenoplectus,,Cyperaceae,Jackrabbit Spring,37.9,0.4,,100.5,,,Calculated,10.4,
Kochi and Yanai 2006 Ecol Res,Acer mono,Acer,,Sapindaceae,Migimatazawa,,1,,,,,,,
Kochi and Yanai 2006 Ecol Res,Alnus hirsuta,Alnus,,Betulaceae,Migimatazawa,,1.9,,,,,,,
Kochi and Yanai 2006 Ecol Res,Acer mono,Acer,,Sapindaceae,Migimatazawa,,2.6,,,,,,,
Kochi and Yanai 2006 Ecol Res,Alnus hirsuta,Alnus,,Betulaceae,Migimatazawa,,2.3,,,,,,,
Kochi et al. 2010 JNABS,Acer mono,Acer,,Sapindaceae,Gokibiru River,,1.9,,,,,,,
Kochi et al. 2010 JNABS,Alnus hirsuta,Alnus,,Betulaceae,Gokibiru River,,1.9,,,,,,,
Kochi et al. 2010 JNABS,Quercus crispula,Quercus,,Fagaceae,Gokibiru River,,0.9,,,,,,,
"Kominoski et al. 2007 Ecology, Kominoski and Pringle 2009 FWB",Liriodendron tulipifera,Liriodendron,,Magnoliaceae,Ball Creek,47.9,0.9,0,65.7,6010.3,91.5,Calculated,11.7,19.7
"Kominoski et al. 2007 Ecology, Kominoski and Pringle 2009 FWB",Acer rubrum,Acer,,Sapindaceae,Ball Creek,48.4,0.5,0,108.9,10467.5,96.1,Calculated,9.8,15.5
"Kominoski et al. 2007 Ecology, Kominoski and Pringle 2009 FWB",Quercus prinus,Quercus,,Fagaceae,Ball Creek,49.5,0.8,0,71.7,9861.1,137.5,Calculated,14.4,20.3
"Kominoski et al. 2007 Ecology, Kominoski and Pringle 2009 FWB",Rhododendron maximum,Rhododendron,,Ericaceae,Ball Creek,48.3,0.4,0,143.8,19466.2,135.3,Calculated,11.3,19.4
Kominoski et al. 2009 Oikos,Acer rubrum,Acer,,Sapindaceae,Ball Creek,47.4,0.7,,80.1,,,Calculated,,
Kominoski et al. 2009 Oikos,Liriodendron tulipifera,Liriodendron,,Magnoliaceae,Ball Creek,47.2,1,,53.4,,,Calculated,,
Kominoski et al. 2009 Oikos,Quercus prinus,Quercus,,Fagaceae,Ball Creek,48.5,1.1,,53.4,,,Calculated,,
Kominoski et al. 2009 Oikos,Rhododendron maximum,Rhododendron,,Ericaceae,Ball Creek,48.6,0.4,,129,,,Calculated,,
Kominoski et al. 2011 Ecology,Tsuga heterophylla,Tsuga,,Pinaceae,Big Doneghy,47.9,1.1,,50.8,,,Calculated,,
Kominoski et al. 2011 Ecology,Alnus rubra,Alnus,,Betulaceae,Big Doneghy,47.6,1.9,,29.2,,,Calculated,,
Lecerf and Chauvet 2008 Basic and App Ecol,Alnus glutinosa,Alnus,,Betulaceae,Alzeau River,48.6,3.1,0.2,18.1,721.6,39.8,Calculated,5.5,4.7
Lecerf and Chauvet 2008 Basic and App Ecol,Alnus glutinosa,Alnus,,Betulaceae,Alzeau River,48.3,2.9,0.1,19.2,897.7,46.7,Calculated,8.1,6.6
Lecerf and Chauvet 2008 Basic and App Ecol,Alnus glutinosa,Alnus,,Betulaceae,Alzeau River,46.6,2.8,0.1,19.8,912,46.1,Calculated,5.2,6.1
Lecerf and Chauvet 2008 Basic and App Ecol,Alnus glutinosa,Alnus,,Betulaceae,Alzeau River,47.1,3.4,0.2,16.1,650.7,40.4,Calculated,3.9,4.8
Lecerf and Chauvet 2008 Basic and App Ecol,Alnus glutinosa,Alnus,,Betulaceae,Alzeau River,47.3,2.3,0.1,24.2,2036.5,84.1,Calculated,8.3,7
Lecerf and Chauvet 2008 Basic and App Ecol,Alnus glutinosa,Alnus,,Betulaceae,Alzeau River,49.2,2.1,0,27.5,3738.2,136.1,Calculated,13.4,7.4
Lecerf and Chauvet 2008 Basic and App Ecol,Alnus glutinosa,Alnus,,Betulaceae,Alzeau River,47.8,2.9,0.1,19,1198.9,63.2,Calculated,7.3,6
Lecerf and Chauvet 2008 Basic and App Ecol,Alnus glutinosa,Alnus,,Betulaceae,Alzeau River,47,2.3,0.1,23.5,1411.8,60,Calculated,7,5.7
Lecerf and Chauvet 2008 Basic and App Ecol,Alnus glutinosa,Alnus,,Betulaceae,Alzeau River,49.3,2.6,0.1,22.2,1010.8,45.5,Calculated,13.9,7.4
Lecerf and Chauvet 2008 Basic and App Ecol,Alnus glutinosa,Alnus,,Betulaceae,Alzeau River,49,3,0.1,19.2,1205.6,62.6,Calculated,18.7,10.8
Lecerf and Chauvet 2008 FWB,Alnus glutinosa,Alnus,,Betulaceae,Tescou,47.8,2.9,0.1,19,1198.9,63.2,Calculated,7.3,6
Lecerf and Chauvet 2008 FWB,Alnus glutinosa,Alnus,,Betulaceae,Linon,47,2.3,0.1,23.5,1411.8,60,Calculated,7,5.7
Lecerf et al 2007 Can J Fish and Aq Sci,Quercus robur,Quercus,,Fagaceae,Pyrenees up,53.8,0.9,0,68.2,3309.1,48.5,Calculated,17.8,12
Lecerf et al 2007 Can J Fish and Aq Sci,Polygonum cuspidatum,Polygonum,,Polygonaceae,Pyrenees up,47.6,1,0,56.1,2794.7,49.8,Calculated,13.4,13.1
Lecerf et al 2007 Can J Fish and Aq Sci,Quercus robur,Quercus,,Fagaceae,Pennines ref,53.9,1,0.1,64.8,2531.7,39.1,Calculated,20.8,11.2
Lecerf et al 2007 Can J Fish and Aq Sci,Polygonum cuspidatum,Polygonum,,Polygonaceae,Pennines ref,47.4,1.8,0.1,30.4,1029,33.9,Calculated,13.7,12.8
Lecerf et al 2007 Ecology,Fagus sylvatica,Fagus,,Fagaceae,Alzeau River,48.1,1.2,,47.8,,,Calculated,,
Lecerf et al 2007 Ecology,Quercus robur,Quercus,,Fagaceae,Alzeau River,47.3,1.1,,51.3,,,Calculated,,
Lecerf et al 2007 Ecology,Quercus rubra,Quercus,,Fagaceae,Alzeau River,48.4,0.6,,87.5,,,Calculated,,
Lecerf et al 2007 Ecology,Acer pseudoplatanus,Acer,,Sapindaceae,Alzeau River,44.7,1,,53.9,,,Calculated,,
Lecerf et al 2007 Ecology,Betula pendula,Betula,,Betulaceae,Alzeau River,50.2,1,,58.9,,,Calculated,,
Lecerf et al 2007 Ecology,Ulmus procera,Ulmus,,Ulmaceae,Alzeau River,41.5,0.8,,60.3,,,Calculated,,
Lecerf et al 2007 Ecology,Corylus avellana,Corylus,,Betulaceae,Alzeau River,44.8,1.2,,42.1,,,Calculated,,
Lecerf et al 2007 Ecology,Alnus glutinosa,Alnus,,Betulaceae,Alzeau River,48.4,2.7,,21,,,Calculated,,
Lecerf et al 2007 Ecology,Sambucus nigra,Sambucus,,Caprifoliaceae,Alzeau River,43.1,2.6,,19.7,,,Calculated,,
Lecerf et al 2007 Ecology,Fraxinus excelsior,Fraxinus,,Oleaceae,Alzeau River,43.2,2.4,,20.7,,,Calculated,,
Lecerf et al 2007 Ecology,Fagus sylvatica,Fagus,,Fagaceae,unamed stream in Romania,46.8,0.9,,64.2,,,Calculated,,
Lecerf et al 2007 Ecology,Quercus robur,Quercus,,Fagaceae,unamed stream in Romania,46.7,0.8,,66.8,,,Calculated,,
Lecerf et al 2007 Ecology,Quercus rubra,Quercus,,Fagaceae,unamed stream in Romania,47.8,0.8,,73.9,,,Calculated,,
Lecerf et al 2007 Ecology,Acer pseudoplatanus,Acer,,Sapindaceae,unamed stream in Romania,42.8,0.9,,56.2,,,Calculated,,
Lecerf et al 2007 Ecology,Betula pendula,Betula,,Betulaceae,unamed stream in Romania,46.1,1,,51.4,,,Calculated,,
Lecerf et al 2007 Ecology,Ulmus procera,Ulmus,,Ulmaceae,unamed stream in Romania,42.2,1.5,,32,,,Calculated,,
Lecerf et al 2007 Ecology,Corylus avellana,Corylus,,Betulaceae,unamed stream in Romania,43.6,1.1,,47.5,,,Calculated,,
Lecerf et al 2007 Ecology,Alnus glutinosa,Alnus,,Betulaceae,unamed stream in Romania,47.6,3.3,,17,,,Calculated,,
Lecerf et al 2007 Ecology,Sambucus nigra,Sambucus,,Caprifoliaceae,unamed stream in Romania,42.9,4,,12.5,,,Calculated,,
Lecerf et al 2007 Ecology,Fraxinus excelsior,Fraxinus,,Oleaceae,unamed stream in Romania,43.8,2.4,,21.2,,,Calculated,,
LeRoy and Marks 2006 Freshwater Biology,Alnus oblongifolia,Alnus,,Betulaceae,"Fossil Creek, AZ",,1.3,0.1,,,58,Calculated,,
LeRoy and Marks 2006 Freshwater Biology,Fraxinus velutina,Fraxinus,,Oleaceae,"Fossil Creek, AZ",,0.7,0.2,,,6.8,Calculated,,
LeRoy and Marks 2006 Freshwater Biology,Platanus wrightii,Platanus,,Platanaceae,"Fossil Creek, AZ",,0.6,0.1,,,10.2,Calculated,,
LeRoy and Marks 2006 Freshwater Biology,Populus fremontii,Populus,,Salicaceae,"Fossil Creek, AZ",,0.4,0,,,23.3,Calculated,,
LeRoy and Marks 2006 Freshwater Biology,Quercus gambelii,Quercus,,Fagaceae,"Fossil Creek, AZ",,0.9,0.3,,,7.5,Calculated,,
LeRoy et al. 2006 Ecology,Populus angustifolia,Populus,,Salicaceae,"Oak Creek, AZ",47,0.5,0.1,121.1,1641.5,13.6,Calculated,,
LeRoy et al. 2006 Ecology,Populus fremontii,Populus,,Salicaceae,"Oak Creek, AZ",42.9,0.4,0,115.6,2578.2,22.3,Calculated,,
LeRoy et al. 2006 Ecology,Populus x hinckleyana,Populus,,Salicaceae,"Oak Creek, AZ",45.5,0.6,0.1,84.1,1566,18.6,Calculated,,
LeRoy et al. 2006 Ecology,Populus x hinckleyana,Populus,,Salicaceae,"Oak Creek, AZ",44.3,0.5,0,107.6,2334.5,21.7,Calculated,,
LeRoy et al. 2007 JNABS,Populus fremontii,Populus,,Salicaceae,"Weber River, UT",40.3,0.5,0.1,88.2,1554.3,17.6,Calculated,6.4,
LeRoy et al. 2007 JNABS,Populus fremontii,Populus,,Salicaceae,"Weber River, UT",41.6,0.3,0.1,158,745.8,4.7,Calculated,4.4,
LeRoy et al. 2007 JNABS,Populus fremontii,Populus,,Salicaceae,"Weber River, UT",44.2,0.5,0,98.2,4226,43.1,Calculated,4.9,
LeRoy et al. 2007 JNABS,Populus fremontii,Populus,,Salicaceae,"Weber River, UT",41.3,0.4,0,111.4,3682.5,33.1,Calculated,4.7,
LeRoy et al. 2007 JNABS,Populus fremontii,Populus,,Salicaceae,"Weber River, UT",43,0.5,0,104.4,3834.4,36.7,Calculated,5.4,
LeRoy et al. 2007 JNABS,Populus x hinckleyana,Populus,,Salicaceae,"Weber River, UT",43.3,0.5,0.1,107.7,1332,12.4,Calculated,11.6,
LeRoy et al. 2007 JNABS,Populus x hinckleyana,Populus,,Salicaceae,"Weber River, UT",43.5,0.5,0.1,106.2,1560.9,14.7,Calculated,19.7,
LeRoy et al. 2007 JNABS,Populus x hinckleyana,Populus,,Salicaceae,"Weber River, UT",44.9,0.5,0,110.9,2520.6,22.7,Calculated,9.2,
LeRoy et al. 2007 JNABS,Populus x hinckleyana,Populus,,Salicaceae,"Weber River, UT",45.4,0.4,0,137.7,4192.9,30.4,Calculated,13.9,
LeRoy et al. 2007 JNABS,Populus x hinckleyana,Populus,,Salicaceae,"Weber River, UT",42.9,0.3,0.2,154,688.2,4.5,Calculated,9,
LeRoy et al. 2007 JNABS,Populus x hinckleyana,Populus,,Salicaceae,"Weber River, UT",44.6,0.6,0.1,91.7,1252,13.6,Calculated,21.1,
LeRoy et al. 2007 JNABS,Populus x hinckleyana,Populus,,Salicaceae,"Weber River, UT",45.7,0.4,0.1,147.3,894.6,6.1,Calculated,30.9,
LeRoy et al. 2007 JNABS,Populus x hinckleyana,Populus,,Salicaceae,"Weber River, UT",45.5,0.3,0.1,154.6,788.2,5.1,Calculated,23.5,
LeRoy et al. 2007 JNABS,Populus x hinckleyana,Populus,,Salicaceae,"Weber River, UT",43.9,0.5,0.1,112.6,2100.7,18.7,Calculated,20.1,
LeRoy et al. 2007 JNABS,Populus x hinckleyana,Populus,,Salicaceae,"Weber River, UT",44.2,0.6,0.1,93.3,967.8,10.4,Calculated,18.1,
LeRoy et al. 2007 JNABS,Populus angustifolia,Populus,,Salicaceae,"Weber River, UT",45.6,0.5,0.2,98.9,662,6.7,Calculated,21.6,
LeRoy et al. 2007 JNABS,Populus angustifolia,Populus,,Salicaceae,"Weber River, UT",45.2,0.5,0,98,3154.9,32.2,Calculated,17.7,
LeRoy et al. 2007 JNABS,Populus angustifolia,Populus,,Salicaceae,"Weber River, UT",44.8,0.5,0,106.9,3308.6,30.9,Calculated,23.6,
LeRoy et al. 2007 JNABS,Populus angustifolia,Populus,,Salicaceae,"Weber River, UT",43.9,0.6,0.3,90.5,441.1,4.9,Calculated,19.3,
LeRoy et al. 2007 JNABS,Populus angustifolia,Populus,,Salicaceae,"Weber River, UT",44.9,0.4,0.2,128.3,527,4.1,Calculated,21.3,
"Li and Dudgeon 2009 JNABS, Li et al. Aquatic Science 2009",Liquidambar formosana,Liquidambar,,Hamamelidaceae,Tsing Lung Tau,44.9,1.2,,43.6,,,Calculated,,
Li et al. 2009 Aquatic Science,Arundinaria shiuyingiana,Arundinaria,,Poaceae,Tai Po Kau Forest Stream,39.2,1.6,,28.6,,,Calculated,,
Li et al. 2009 Aquatic Science,Ficus fistulosa,Ficus,,Moraceae,Tai Po Kau Forest Stream,38.3,2.2,,20.3,,,Calculated,,
Li et al. 2009 Aquatic Science,Indocalamus sinicus,Indocalamus,,Poaceae,Tai Po Kau Forest Stream,43.7,1.5,,34,,,Calculated,,
Li et al. 2009 Aquatic Science,Livistona chinensis,Livistona,,Arecaceae,Tai Po Kau Forest Stream,44.2,1.6,,32.2,,,Calculated,,
Li et al. 2009 Aquatic Science,Melaleuca quinquenervia,Melaleuca,,Myrtaceae,Tai Po Kau Forest Stream,47.6,1.7,,32.7,,,Calculated,,
Li et al. 2009 Aquatic Science,Pandanus furcatus,Pandanus,,Pandanaceae,Tai Po Kau Forest Stream,42.3,1,,49.4,,,Calculated,,
Lohr et al. 2006 Hydrobiologia,Bambusa sp.,Bambusa,,Poaceae,Kali Sengon River,,,,17.6,,,Reported,,
Lohr et al. 2006 Hydrobiologia,Tectona grandis,Tectona,,Verbenaceae,Kali Sengon River,,,,20.9,,,Reported,,
Maloney and Lamberti 1994 AMN,Acer saccharum,Acer,,Sapindaceae,Tenderfoot Creek,44.7,1.8,,29.3,,,Calculated,,
Maloney and Lamberti 1994 AMN,Cornus sericea,Cornus,,Cornaceae,Tenderfoot Creek,45.7,1.8,,29.8,,,Calculated,,
Maloney and Lamberti 1994 AMN,Alnus incana ssp. rugosa,Alnus,,Betulaceae,Tenderfoot Creek,47.6,2.3,,24.4,,,Calculated,,
Maloney and Lamberti 1994 AMN,Myrica gale,Myrica,,Myricaceae,Tenderfoot Creek,50.5,2.4,,25.1,,,Calculated,,
Maloney and Lamberti 1994 AMN,Tsuga canadensis,Tsuga,,Pinaceae,Tenderfoot Creek,49.6,0.9,,62.2,,,Calculated,,
Mathuriau and Chauvet 2002 JNABS,Croton gossypifolius,Croton,,Euphorbiaceae,Cabuyal,46.4,1.9,,28.3,,,Calculated,26.4,22.1
Mathuriau and Chauvet 2002 JNABS,Clidemia sp.,Clidemia,,Melastomataceae,Cabuyal,45.2,1.3,,42.2,,,Calculated,16,12.4
McHargue & Roy 1932,Ulmus americana,Ulmus,,,,,2.1,0.1,,,36.3,Calculated,14.9,
Menedez et al. 2003 Hydrobiologia,Populus nigra,Populus,,Salicaceae,Senia stream,48.6,1.1,0.1,51.8,1580.9,30.5,Calculated,,
Menedez et al. 2003 Hydrobiologia,Populus alba,Populus,,Salicaceae,Senia stream,59.2,2.2,0.1,31.8,1362,42.8,Calculated,,
Menedez et al. 2003 Hydrobiologia,Populus nigra,Populus,,Salicaceae,Senia stream,,1,0.1,,,31,Calculated,,
Menedez et al. 2003 Hydrobiologia,Populus alba,Populus,,Salicaceae,Senia stream,,2.1,0.1,,,45.6,Calculated,,
Menendez et al. 2001 IRH,Phragmites australis,Phragmites,,Poaceae,Senia stream,,2.9,,,,,,,
Menendez et al. 2001 IRH,Populus nigra,Populus,,Salicaceae,Senia stream,,1,,,,,,,
Menendez et al. 2001 IRH,Potamogeton coloratus,Potamogeton,,Potamogetonaceae,Senia stream,,2,,,,,,,
Menendez et al. 2001 IRH,Phragmites australis,Phragmites,,Poaceae,Senia stream,,2.7,,,,,,,
Menendez et al. 2001 IRH,Populus nigra,Populus,,Salicaceae,Senia stream,,0.9,,,,,,,
Menendez et al. 2001 IRH,Potamogeton coloratus,Potamogeton,,Potamogetonaceae,Senia stream,,2.1,,,,,,,
Mills et al. 2001 Archiv fur Hydrobiologie,Liquidambar styraciflua,Liquidambar,,Hamamelidaceae,Upper Three Runs Creek,,,,56.5,,,Reported,,
Mills et al. 2001 Archiv fur Hydrobiologie,Quercus nigra,Quercus,,Fagaceae,Upper Three Runs Creek,,,,70.7,,,Reported,,
Molinero et al. 1996 FWB,Castanea sativa,Castanea,,Fagaceae,Site 1,,1.2,0,,,86.1,Calculated,,
Molinero et al. 1996 FWB,Castanea sativa,Castanea,,Fagaceae,Site B,,1.1,0,,,80,Calculated,,
Molinero et al. 1996 FWB,Quercus robur,Quercus,,Fagaceae,Site 1,,1.1,0,,,85.5,Calculated,,
Molinero et al. 1996 FWB,Eucalyptus globulus,Eucalyptus,,Myrtaceae,Site 1,,0.6,0,,,75.9,Calculated,,
Molinero et al. 1996 FWB,Eucalyptus globulus,Eucalyptus,,Myrtaceae,Site B,,0.6,0,,,73.4,Calculated,,
Moore & Aber 1994,Picea abies,Picea,,,,,1.1,,,,,,18,35.8
Moore & Aber 1994,Pinus strobus,Pinus,,,,,1.2,,,,,,24.8,32.6
Moore et al 2006,Betula papyrifera,Betula,,,,48,0.7,0,77.8,3263.2,42,Calculated,24,
Moore et al 2006,Fagus grandifolia,Fagus,,,,47,0.7,0,77.2,3372.7,43.7,Calculated,28,
Moore et al 2006,Populus tremuloides,Populus,,,,46.8,0.7,0.1,81.5,952,11.7,Calculated,14.4,
Moretti et al. 2007 Limnologica,Myrcia guyanensis,Myrcia,,Myrtaceae,Garcia stream,,1,0,,,70.1,Calculated,,
Moretti et al. 2007 Limnologica,Ocotea sp.,Ocotea,,Lauraceae,Garcia stream,,1.1,0,,,81.9,Calculated,,
Moretti et al. 2007 Limnologica,Miconia chartacea,Miconia,,Melastomataceae,Garcia stream,,0.9,0,,,72.2,Calculated,,
Moretti et al. 2007 Limnologica,Protium brasiliense,Protium,,Burseraceae,Garcia stream,,1,0,,,80.4,Calculated,,
Moretti et al. 2007 Limnologica,Protium heptaphyllum,Protium,,Burseraceae,Garcia stream,,0.9,0,,,88.6,Calculated,,
Mutch & Davies 1984,Salix drummondiana,Salix,,Salicaceae,Twin Creek,,,,31.6,,,Reported,,
Mutch & Davies 1984,Salix drummondiana,Salix,,Salicaceae,Twin Creek,,,,34.1,,,Reported,,
Muto et al. 2011 Hydrobiologia,Alnus incana ssp. rugosa,Alnus,,Betulaceae,White River catchment,52.2,2.6,0,23.4,3371.3,143.9,Calculated,,
Muto et al. 2011 Hydrobiologia,Betula papyrifera,Betula,,Betulaceae,White River catchment,51.7,1.2,0,50.3,4451.9,88.6,Calculated,,
Muto et al. 2011 Hydrobiologia,Populus tremuloides,Populus,,Salicaceae,White River catchment,51.9,1,0.1,58.2,2681.5,46.1,Calculated,,
Neiff and deNeiff_1990_Hydrobiologia,Tessaria integrifolia,Tessaria,,Asteridae,Parana River,,3.9,0,,,235.2,Calculated,11,19.2
Nelson and Andersen_2007_Southwestern Naturalist,Populus deltoides ssp. wislizeni,Populus,,Salicaceae,Yampa River,,0.5,,,,,,,
Nelson and Andersen_2007_Southwestern Naturalist,Populus deltoides ssp. wislizeni,Populus,,Salicaceae,Yampa River,,0.6,,,,,,,
Nelson_2011_Int Rev Hydrobiol,Schoenoplectus acutus,Schoenoplectus,,Cyperaceae,Las Vegas Wash ,,0.5,0,,,24.6,Calculated,5.8,
Nelson_2011_Int Rev Hydrobiol,Typha domingensis,Typha,,Typhaceae,Las Vegas Wash ,,0.4,0,,,33.3,Calculated,7.9,
Nelson_2011_Int Rev Hydrobiol,Phragmites australis,Phragmites,,Poaceae,Las Vegas Wash ,,0.3,0,,,24.4,Calculated,6.9,
Niu and Dudgeon_2011_Hydrobiologia,Liquidambar formosana,Liquidambar,,Hamamelidaceae,Pak Sha O,44.4,1.2,,43.2,,,Calculated,,
Ostrofsky 1997 JNABS,Acer negundo,Acer,,,,41.2,1.7,0.1,28.1,950.6,33.8,Calculated,25.4,
Ostrofsky 1997 JNABS,Acer platanoides,Acer,,,,40.8,1.1,0.3,41.8,396.4,9.5,Calculated,20.4,
Ostrofsky 1997 JNABS,Acer rubrum,Acer,,,,48.3,0.9,0.2,61.3,770.2,12.6,Calculated,19.9,
Ostrofsky 1997 JNABS,Acer saccharinum,Acer,,,,47.1,1.6,0.2,35.5,538.6,15.2,Calculated,15.5,
Ostrofsky 1997 JNABS,Acer saccharum,Acer,,,,44.5,0.7,0.4,71.1,279.4,3.9,Calculated,21.5,
Ostrofsky 1997 JNABS,Alnus incana ssp. Rugosa,Alnus,,,,47.6,2.3,0.1,24.2,878.5,36.4,Calculated,27,
Ostrofsky 1997 JNABS,Carya glabra,Carya,,,,43.8,0.6,0.1,82.5,871.1,10.6,Calculated,33.1,
Ostrofsky 1997 JNABS,Cornus florida,Cornus,,,,46.6,0.5,0.1,113.2,1190.9,10.5,Calculated,13.3,
Ostrofsky 1997 JNABS,Fagus grandifolia,Fagus,,,,47.6,1.3,0.1,43.4,1217.9,28.1,Calculated,33.2,
Ostrofsky 1997 JNABS,Fraxinus americana,Fraxinus,,,,45.7,1,0.2,54.4,674.1,12.4,Calculated,31,
Ostrofsky 1997 JNABS,Juglans nigra,Juglans,,,,45.4,2.5,0.3,21,399.9,19,Calculated,25.2,
Ostrofsky 1997 JNABS,Liquidambar styraciflua,Liquidambar,,,,45.9,0.4,0.1,140.9,1624.5,11.5,Calculated,33.1,
Ostrofsky 1997 JNABS,Liriodendron tulipifera,Liriodendron,,,,45.4,0.9,0.1,57.6,1107.6,19.2,Calculated,27.8,
Ostrofsky 1997 JNABS,Nyssa sylvatica,Nyssa,,,,46.1,0.8,0.4,68,274.8,4,Calculated,17.2,
Ostrofsky 1997 JNABS,Platanus occidentalis,Platanus,,,,48,1,0.1,58.9,1392.5,23.6,Calculated,38.9,
Ostrofsky 1997 JNABS,Populus deltoides,Populus,,,,46.9,2.4,0.1,23,1376.4,59.9,Calculated,25.4,
Ostrofsky 1997 JNABS,Populus grandidentata,Populus,,,,48.2,0.9,0.1,61.1,1500.4,24.5,Calculated,33,
Ostrofsky 1997 JNABS,Populus tremuloides,Populus,,,,38.8,1.1,0.1,39.7,1088.4,27.4,Calculated,28.8,
Ostrofsky 1997 JNABS,Prunus serotina,Prunus,,,,49.8,1.7,0.2,34.8,779.2,22.4,Calculated,22.4,
Ostrofsky 1997 JNABS,Quercus alba,Quercus,,,,45.1,0.7,0.2,78.5,549.5,7,Calculated,36.7,
Ostrofsky 1997 JNABS,Quercus coccinea,Quercus,,,,48.5,0.7,0.1,76.4,894.4,11.7,Calculated,26.2,
Ostrofsky 1997 JNABS,Quercus prinus,Quercus,,,,48.5,0.7,0.2,80.9,819.1,10.1,Calculated,30.6,
Ostrofsky 1997 JNABS,Quercus rubra,Quercus,,,,49.6,0.5,0.1,109.2,1490.2,13.6,Calculated,36,
Ostrofsky 1997 JNABS,Salix nigra,Salix,,,,47,2.2,0.1,24.5,1004.3,41,Calculated,37.2,
Ostrofsky 1997 JNABS,Ulmus sp.,Ulmus,,,,43.8,0.6,0.1,86.7,1155.6,13.3,Calculated,24.5,
Perez et al 2011 Int Rev Hydrobiologia,Alnus glutinosa,Alnus,,Betulaceae,Ag1,51,2.7,0.1,22,1197.7,54.4,Calculated,,
Perez et al 2011 Int Rev Hydrobiologia,Alnus glutinosa,Alnus,,Betulaceae,Fui1,47,2.5,0.2,21.9,505.9,23.1,Calculated,,
Polyakova & Billor 2007,Liquidambar styraciflua,Liquidambar,,,,44.3,1.1,0.2,47.9,636.1,13.3,Calculated,,
Polyakova & Billor 2007,Liriodendron tulipifera,Liriodendron,,,,42.4,0.9,0.2,54.9,729.5,13.3,Calculated,,
Polyakova & Billor 2007,Quercus nigra,Quercus,,,,47.9,1.1,0.2,50.8,773.4,15.2,Calculated,,
Polyakova & Billor 2007,Ulmus americana,Ulmus,,,,47.9,1,0.1,54.3,883.9,16.3,Calculated,,
Pozo et al_1998_Hydrobiologia,Alnus glutinosa,Alnus,,Betulaceae,Salderrey,,2.8,0.8,,,7.9,Calculated,,
Pozo et al_1998_Hydrobiologia,Eucalyptus globulus,Eucalyptus,,Myrtaceae,Salderrey,,0.9,0.4,,,5.8,Calculated,,
Pozo et al_1998_Hydrobiologia,Eucalyptus globulus,Eucalyptus,,Myrtaceae,unnamed,,0.9,0.4,,,5.8,Calculated,,
Pozo et al_1998_Hydrobiologia,Eucalyptus globulus,Eucalyptus,,Myrtaceae,Agu_era,,0.9,0.4,,,5.8,Calculated,,
Prescott et al 2004,Alnus rubra,Alnus,,,,51.9,2.2,0.1,27.5,2234.6,81.2,Calculated,18.7,
Prescott et al 2004,Pinus ponderosa,Pinus,,,,48.4,0.6,0.1,94.1,1302.4,13.8,Calculated,27.7,
Prescott et al 2004,Populus balsamifera ssp. trichocarpa,Populus,,,,47.7,1,0.1,54.6,1540.3,28.2,Calculated,2,
Prescott et al 2004,Populus tremuloides,Populus,,,,46.8,0.5,2,101.1,60.5,0.6,Calculated,18.6,
Prescott et al 2004,Tsuga heterophylla,Tsuga,,,,50.3,0.8,0.1,77.2,1427.9,18.5,Calculated,33.9,
Quinn et al 2000 New Zealand J of Marine and FW Research,Aristotelia serrata,Aristotelia,,Elaeocarpaceae,Mangaotama,,,,54,,,Reported,,
Quinn et al 2000 New Zealand J of Marine and FW Research,Populus x canadensis,Populus,,Salicaceae,Mangaotama,,,,18,,,Reported,,
Quinn et al 2000 New Zealand J of Marine and FW Research,Knightia excelsa,Knightia,,Proteaceae,Mangaotama,,,,129,,,Reported,,
Raviraja et al 1998 FW Biology,Ficus benghalensis,Ficus,,Moraceae,Nethravathi,,1.2,0,,,200.5,Calculated,,
Raviraja et al 1998 FW Biology,Eucalyptus globulus,Eucalyptus,,Myrtaceae,Nethravathi,,1,0,,,233.1,Calculated,,
Rier et al. JNABS 2002,Populus tremuloides,Populus,,Salicaceae,East Branch Maple river,,,,28,,,Reported,11.7,
Robinson et al 2000 JNABS,Larix decidua,Larix,,Pinaceae,Val Roseg - kryal stream,,0.2,0,,,,,,
"Robinson et al. 1998 Freshw Biol, Gessner et al. 1998 J-NABS",Alnus viridis,Alnus,,Betulaceae,Val Roseg proglacial stream,,2.1,0.1,,,37.9,Calculated,,
"Robinson et al. 1998 Freshw Biol, Gessner et al. 1998 J-NABS",Alnus viridis,Alnus,,Betulaceae,Val Roseg lake outlet,,2,0.1,,,36.6,Calculated,,
"Robinson et al. 1998 Freshw Biol, Gessner et al. 1998 J-NABS",Alnus viridis,Alnus,,Betulaceae,Val Roseg mainstem,,2.4,0.1,,,41.3,Calculated,,
"Robinson et al. 1998 Freshw Biol, Gessner et al. 1998 J-NABS",Alnus viridis,Alnus,,Betulaceae,Val Roseg side channel,,2.1,0.1,,,35.1,Calculated,,
Rosemond et al. 2009 Oikos,Acer rubrum,Acer,,Sapindaceae,C53,,,,108,,,Reported,,
Rosemond et al. 2009 Oikos,Liriodendron tulipifera,Liriodendron,,Magnoliaceae,C53,,,,64,,,Reported,,
Rosemond et al. 2009 Oikos,Rhododendron maximum,Rhododendron,,Ericaceae,C53,,,,144.8,,,Reported,,
Rosset et al int rev ges hydrobiol 1982,Quercus petraea,Quercus,,Fagaceae,Lutzel,,0.9,,,,,,18.7,18.9
Rosset et al int rev ges hydrobiol 1982,Larix decidua,Larix,,Pinaceae,Lutzel,,0.8,,,,,,26.2,18.2
Rosset et al int rev ges hydrobiol 1982,Picea abies,Picea,,Pinaceae,Lutzel,,1.1,,,,,,23.3,21.8
Royer & Minshall 1997,Populus tremuloides,Populus,,Salicaceae,Middle Snake River,,,,50,,,Reported,,
Royer & Minshall 2001 Freshwater Biology,Betula occidentalis,Betula,,Betulaceae,SnakeRiver,48.8,0.9,,61.8,,,Calculated,39.8,
Royer & Minshall 2001 Freshwater Biology,Cornus sericea,Cornus,,Cornaceae,SnakeRiver,42.3,0.7,,65,,,Calculated,16.3,
Royer & Minshall 2001 Freshwater Biology,Populus tremuloides,Populus,,Salicaceae,SnakeRiver,52,0.7,,80,,,Calculated,32.7,
Royer et al. 1999 Hydrobiologia,Cornus sericea,Cornus,,Cornaceae,Mink Creek,41,1,,41,,,Calculated,,
Royer et al. 1999 Hydrobiologia,Populus tremuloides,Populus,,Salicaceae,Mink Creek,48,0.8,,60,,,Calculated,,
Royer et al. 1999 Hydrobiologia,Populus balsamifera ssp. trichocarpa,Populus,,Salicaceae,Big Wood River,50.4,0.7,,72,,,Calculated,,
Royer et al. 1999 Hydrobiologia,Elaeagnus angustifolia,Elaeagnus,,Elaeagnaceae,Big Wood River,44.6,1.7,,27,,,Calculated,,
Sampaio et al. 2001 IRH,Alnus glutinosa,Alnus,,Betulaceae,Olo River tributary,,3,0.2,,,41.5,Calculated,,
Sampaio et al. 2001 IRH,Quercus robur,Quercus,,Fagaceae,Olo River tributary,,0.7,0.1,,,31.4,Calculated,,
Sampaio et al. 2001 IRH,Eucalyptus globulus,Eucalyptus,,Myrtaceae,Olo River tributary,,1,0.1,,,24.4,Calculated,,
Sanpera_Calbet et al 2009 FW Biology,Fagus sylvatica,Fagus,,Fagaceae,Peyreblanque,47.3,1.2,,80,,,Calculated,,
Sanpera_Calbet et al 2009 FW Biology,Corylus avellana,Corylus,,Betulaceae,Peyreblanque,45.9,1.7,,81,,,Calculated,,
Sanpera_Calbet et al 2009 FW Biology,Fraxinus excelsior,Fraxinus,,Oleaceae,Peyreblanque,43.2,1.8,,82,,,Calculated,,
Schindler and Gessner 2009 Ecology,Ulmus glabra,Ulmus,,Ulmaceae,Steina,,1.1,0.2,,,11,Calculated,11.1,
Schindler and Gessner 2009 Ecology,Fraxinus excelsior,Fraxinus,,Oleaceae,Steina,,0.7,0.1,,,17.8,Calculated,13.8,
Schindler and Gessner 2009 Ecology,Alnus glutinosa,Alnus,,Betulaceae,Steina,,1.9,0.1,,,67.2,Calculated,18.9,
Schindler and Gessner 2009 Ecology,Acer pseudoplatanus,Acer,,Sapindaceae,Steina,,1.1,0.1,,,21.5,Calculated,14.3,
Schindler and Gessner 2009 Ecology,Salix cinerea,Salix,,Salicaceae,Steina,,1.3,0.1,,,25.9,Calculated,19.7,
Schindler and Gessner 2009 Ecology,Corylus avellana,Corylus,,Betulaceae,Steina,,1.1,0.2,,,16.1,Calculated,22.9,
Schindler and Gessner 2009 Ecology,Platanus sp.,Platanus,,Platanaceae,Steina,,0.8,0.1,,,20.6,Calculated,34.4,
Schindler and Gessner 2009 Ecology,Quercus robur,Quercus,,Fagaceae,Steina,,0.4,0.1,,,16.5,Calculated,24,
Schindler and Gessner 2009 Ecology,Fagus sylvatica,Fagus,,Fagaceae,Steina,,1,0.1,,,36.3,Calculated,35.8,
Schwarz and Schwoerbel 1997 Annales de Limnologie,Alnus glutinosa,Alnus,,Betulaceae,Porto River - mountain site,,1.9,0.1,,,56.8,Calculated,,
Schwarz and Schwoerbel 1997 Annales de Limnologie,Quercus ilex,Quercus,,Fagaceae,Porto River - mountain site,,1.3,0.1,,,19.9,Calculated,,
Schwarz and Schwoerbel 1997 Annales de Limnologie,Quercus ilex,Quercus,,Fagaceae,Porto River - mountain site,,0.9,0.1,,,21.8,Calculated,,
Shaftel et al. 2011 JNABS,Calamagrostis canadensis,Calamagrostis,,Poaceae,Stariski (22),,0.4,0.1,,,10.5,Calculated,,
Shieh et al. 2008 Fundamental and Applied Limnology; Shieh et al. 2007 Zoological Studies,Machilus thunbergii,Machilus,,Lauraceae,Hapen Creek,51.8,1.5,0.1,39.8,1937.8,48.7,Calculated,,
Shieh et al. 2008 Fundamental and Applied Limnology; Shieh et al. 2007 Zoological Studies,Schefflera octophylla,Schefflera,,Araliaceae,Hapen Creek,51.4,2.3,0.2,26.4,779.3,29.6,Calculated,,
Shieh et al. 2008 Fundamental and Applied Limnology; Shieh et al. 2007 Zoological Studies,Ficus erecta,Ficus,,Moraceae,Hapen Creek,49.8,2.2,0.1,26.6,1086.4,40.9,Calculated,,
Sridhar et al 2000 Arch Hydro,Fontinalis antipyretica,Fontinalis,,Fontinalaceae,Allen Creek,,,,,,,,,
Stallcup et al 2006 Freshwater Biology,Ficus insipida,Ficus,,Moraceae,Saltito,37.6,1.4,0.1,31.3,1171.7,37.4,Calculated,,
Stallcup et al 2006 Freshwater Biology,Trema integerrima,Trema,,Ulmaceae,Saltito,36.5,1.5,0.1,27.8,915.5,32.9,Calculated,,
Stallcup et al. 2006 Freshwater Biology,Trema integerrima,Trema,,Ulmaceae,Saltito,36,1.4,0.1,30,1162.5,38.8,Calculated,,
Stallcup et al. 2006 Freshwater Biology,Ficus insipida,Ficus,,Moraceae,Saltito,37,1.5,0.1,28.8,955.8,33.2,Calculated,,
Stewart 1992 Arch Hydro,Cunonia capensis,Cunonia,,Cunoniaceae,Window,,,,36.9,,,Reported,,
Stewart 1992 Arch Hydro,Ilex mitis,Ilex,,Aquifoliaceae,Window,,,,27.7,,,Reported,,
Stewart 1992 Arch Hydro,Rhoicissus tomentosa,Rhoicissus,,Vitaceae,Window,,,,20,,,Reported,,
Suberkropp 1995 Can J. of Bot,Liriodendron tulipifera,Liriodendron,,Magnoliaceae,Schultz,,0.7,,,,,,,
Suberkropp et al 2001 Applied and Env. Microbiology,Liriodendron tulipifera,Liriodendron,,Magnoliaceae,Walker Branch,,0.9,,,,,,,
Suberkropp et al 2001 Applied and Env. Microbiology,Quercus alba,Quercus,,Fagaceae,Walker Branch,,0.8,,,,,,,
"Suberkropp et al. 1976 Ecology, Suberkropp and Klug 1976 Ecology",Quercus alba,Quercus,,Fagaceae,Augusta Creek,,0.7,,,,,,12.2,18.4
"Suberkropp et al. 1976 Ecology, Suberkropp and Klug 1976 Ecology",Carya glabra,Carya,,Juglandaceae,Augusta Creek,,1.5,,,,,,10,15.1
Swan et al 2009 Ecology,Liriodendron tulipifera,Liriodendron,,Magnoliaceae,Unamed ,,0.8,0,,,42.6,Calculated,19,22
Swan et al 2009 Ecology,Fraxinus pennsylvanica,Fraxinus,,Oleaceae,Unamed ,,0.9,0.1,,,25.2,Calculated,15,26
Swan et al 2009 Ecology,Fagus grandifolia,Fagus,,Fagaceae,Unamed ,,0.9,0.1,,,38.5,Calculated,9,54
Swan et al 2009 Ecology,Quercus prinus,Quercus,,Fagaceae,Unamed ,,0.8,0,,,55.4,Calculated,25,25
Trofymow et al 1995,Alnus rugosa,Alnus,,,,48.1,2.5,0.2,22.2,827.9,37.3,Calculated,19.8,
Trofymow et al 1995,Betula papyrifera,Betula,,,,48,0.7,0,77.8,3263.2,42,Calculated,24,
Tuchman and King 1993 Hydrobiologia,Quercus alba,Quercus,,Fagaceae,Chippewa River site 1,47,0.7,,75.8,,,Calculated,,
Walpola et a. 2011 International Rev Hydrobiol,Ochlandra stridula,Ochlandra,,Poaceae,Eswathu Oya,37.9,1.1,,39.1,,,Calculated,,
Walpola et a. 2011 International Rev Hydrobiol,Alstonia macrophylla,Alstonia,,Apocynaceae,Eswathu Oya,47.9,1.5,,36.5,,,Calculated,,
Walpola et a. 2011 International Rev Hydrobiol,Hevea brasiliensis,Hevea,,Euphorbiaceae,Eswathu Oya,49.6,2.1,,27.2,,,Calculated,,
Webster & Waide 1982,Cornus florida,Cornus,,Cornaceae,Big Hurrican Branch,,1.6,,,,,,8,
Webster & Waide 1982,Quercus alba,Quercus,,Fagaceae,Big Hurrican Branch,,1.4,,,,,,13.8,
Webster & Waide 1982,Rhododendron maximum,Rhododendron,,Ericaceae,Big Hurrican Branch,,0.8,,,,,,7.6,
Young et al. 1994 Freshwater Biology,Chionochloa rigida,Chionochloa,,Poaceae,Burgan,,0.3,0,,,18.7,Calculated,,